instant,dteday,season,yr,mnth,holiday,weekday,workday,weathersit,tempC,tempF,atemp,hum,windspd,casual,reg,cnt,runsum
1,2011-01-01,Winter,0,1,0,6,0,2,0.344167,61.1165282,0.363625,0.805833,0.160446,331,654,985,985
2,2011-01-02,Winter,0,1,0,0,0,2,0.363478,62.7502388,0.353739,0.696087,0.248539,131,670,801,1786
3,2011-01-03,Winter,0,1,0,1,1,1,0.196364,48.6123944,0.189405,0.437273,0.248309,120,1229,1349,3135
4,2011-01-04,Winter,0,1,0,2,1,1,0.2,48.92,0.212122,0.590435,0.160296,108,1454,1562,4697
5,2011-01-05,Winter,0,1,0,3,1,1,0.226957,51.2005622,0.22927,0.436957,0.1869,82,1518,1600,6297
6,2011-01-06,Winter,0,1,0,4,1,1,0.204348,49.2878408,0.233209,0.518261,0.0895652,88,1518,1606,7903
7,2011-01-07,Winter,0,1,0,5,1,2,0.196522,48.6257612,0.208839,0.498696,0.168726,148,1362,1510,9413
8,2011-01-08,Winter,0,1,0,6,0,2,0.165,45.959,0.162254,0.535833,0.266804,68,891,959,10372
9,2011-01-09,Winter,0,1,0,0,0,1,0.138333,43.7029718,0.116175,0.434167,0.36195,54,768,822,11194
10,2011-01-10,Winter,0,1,0,1,1,1,0.150833,44.7604718,0.150888,0.482917,0.223267,41,1280,1321,12515
11,2011-01-11,Winter,0,1,0,2,1,2,0.169091,46.3050986,0.191464,0.686364,0.122132,43,1220,1263,13778
12,2011-01-12,Winter,0,1,0,3,1,1,0.172727,46.6127042,0.160473,0.599545,0.304627,25,1137,1162,14940
13,2011-01-13,Winter,0,1,0,4,1,1,0.165,45.959,0.150883,0.470417,0.301,38,1368,1406,16346
14,2011-01-14,Winter,0,1,0,5,1,1,0.16087,45.609602,0.188413,0.537826,0.126548,54,1367,1421,17767
15,2011-01-15,Winter,0,1,0,6,0,2,0.233333,51.7399718,0.248112,0.49875,0.157963,222,1026,1248,19015
16,2011-01-16,Winter,0,1,0,0,0,1,0.231667,51.5990282,0.234217,0.48375,0.188433,251,953,1204,20219
17,2011-01-17,Winter,0,1,1,1,0,2,0.175833,46.8754718,0.176771,0.5375,0.194017,117,883,1000,21219
18,2011-01-18,Winter,0,1,0,2,1,2,0.216667,50.3300282,0.232333,0.861667,0.146775,9,674,683,21902
19,2011-01-19,Winter,0,1,0,3,1,2,0.292174,56.7179204,0.298422,0.741739,0.208317,78,1572,1650,23552
20,2011-01-20,Winter,0,1,0,4,1,2,0.261667,54.1370282,0.25505,0.538333,0.195904,83,1844,1927,25479
21,2011-01-21,Winter,0,1,0,5,1,1,0.1775,47.0165,0.157833,0.457083,0.353242,75,1468,1543,27022
22,2011-01-22,Winter,0,1,0,6,0,1,0.0591304,37.00243184,0.0790696,0.4,0.17197,93,888,981,28003
23,2011-01-23,Winter,0,1,0,0,0,1,0.0965217,40.16573582,0.0988391,0.436522,0.2466,150,836,986,28989
24,2011-01-24,Winter,0,1,0,1,1,1,0.0973913,40.23930398,0.11793,0.491739,0.15833,86,1330,1416,30405
25,2011-01-25,Winter,0,1,0,2,1,2,0.223478,50.9062388,0.234526,0.616957,0.129796,186,1799,1985,32390
26,2011-01-26,Winter,0,1,0,3,1,3,0.2175,50.4005,0.2036,0.8625,0.29385,34,472,506,32896
27,2011-01-27,Winter,0,1,0,4,1,1,0.195,48.497,0.2197,0.6875,0.113837,15,416,431,33327
28,2011-01-28,Winter,0,1,0,5,1,2,0.203478,49.2142388,0.223317,0.793043,0.1233,38,1129,1167,34494
29,2011-01-29,Winter,0,1,0,6,0,1,0.196522,48.6257612,0.212126,0.651739,0.145365,123,975,1098,35592
30,2011-01-30,Winter,0,1,0,0,0,1,0.216522,50.3177612,0.250322,0.722174,0.0739826,140,956,1096,36688
31,2011-01-31,Winter,0,1,0,1,1,2,0.180833,47.2984718,0.18625,0.60375,0.187192,42,1459,1501,38189
32,2011-02-01,Winter,0,2,0,2,1,2,0.192174,48.2579204,0.23453,0.829565,0.053213,47,1313,1360,39549
33,2011-02-02,Winter,0,2,0,3,1,2,0.26,53.996,0.254417,0.775417,0.264308,72,1454,1526,41075
34,2011-02-03,Winter,0,2,0,4,1,1,0.186957,47.8165622,0.177878,0.437826,0.277752,61,1489,1550,42625
35,2011-02-04,Winter,0,2,0,5,1,2,0.211304,49.8763184,0.228587,0.585217,0.127839,88,1620,1708,44333
36,2011-02-05,Winter,0,2,0,6,0,2,0.233333,51.7399718,0.243058,0.929167,0.161079,100,905,1005,45338
37,2011-02-06,Winter,0,2,0,0,0,1,0.285833,56.1814718,0.291671,0.568333,0.1418,354,1269,1623,46961
38,2011-02-07,Winter,0,2,0,1,1,1,0.271667,54.9830282,0.303658,0.738333,0.0454083,120,1592,1712,48673
39,2011-02-08,Winter,0,2,0,2,1,1,0.220833,50.6824718,0.198246,0.537917,0.36195,64,1466,1530,50203
40,2011-02-09,Winter,0,2,0,3,1,2,0.134783,43.4026418,0.144283,0.494783,0.188839,53,1552,1605,51808
41,2011-02-10,Winter,0,2,0,4,1,1,0.144348,44.2118408,0.149548,0.437391,0.221935,47,1491,1538,53346
42,2011-02-11,Winter,0,2,0,5,1,1,0.189091,47.9970986,0.213509,0.506364,0.10855,149,1597,1746,55092
43,2011-02-12,Winter,0,2,0,6,0,1,0.2225,50.8235,0.232954,0.544167,0.203367,288,1184,1472,56564
44,2011-02-13,Winter,0,2,0,0,0,1,0.316522,58.7777612,0.324113,0.457391,0.260883,397,1192,1589,58153
45,2011-02-14,Winter,0,2,0,1,1,1,0.415,67.109,0.39835,0.375833,0.417908,208,1705,1913,60066
46,2011-02-15,Winter,0,2,0,2,1,1,0.266087,54.5109602,0.254274,0.314348,0.291374,140,1675,1815,61881
47,2011-02-16,Winter,0,2,0,3,1,1,0.318261,58.9248806,0.3162,0.423478,0.251791,218,1897,2115,63996
48,2011-02-17,Winter,0,2,0,4,1,1,0.435833,68.8714718,0.428658,0.505,0.230104,259,2216,2475,66471
49,2011-02-18,Winter,0,2,0,5,1,1,0.521667,76.1330282,0.511983,0.516667,0.264925,579,2348,2927,69398
50,2011-02-19,Winter,0,2,0,6,0,1,0.399167,65.7695282,0.391404,0.187917,0.507463,532,1103,1635,71033
51,2011-02-20,Winter,0,2,0,0,0,1,0.285217,56.1293582,0.27733,0.407826,0.223235,639,1173,1812,72845
52,2011-02-21,Winter,0,2,1,1,0,2,0.303333,57.6619718,0.284075,0.605,0.307846,195,912,1107,73952
53,2011-02-22,Winter,0,2,0,2,1,1,0.182222,47.4159812,0.186033,0.577778,0.195683,74,1376,1450,75402
54,2011-02-23,Winter,0,2,0,3,1,1,0.221739,50.7591194,0.245717,0.423043,0.094113,139,1778,1917,77319
55,2011-02-24,Winter,0,2,0,4,1,2,0.295652,57.0121592,0.289191,0.697391,0.250496,100,1707,1807,79126
56,2011-02-25,Winter,0,2,0,5,1,2,0.364348,62.8238408,0.350461,0.712174,0.346539,120,1341,1461,80587
57,2011-02-26,Winter,0,2,0,6,0,1,0.2825,55.8995,0.282192,0.537917,0.186571,424,1545,1969,82556
58,2011-02-27,Winter,0,2,0,0,0,1,0.343478,61.0582388,0.351109,0.68,0.125248,694,1708,2402,84958
59,2011-02-28,Winter,0,2,0,1,1,2,0.407273,66.4552958,0.400118,0.876364,0.289686,81,1365,1446,86404
60,2011-03-01,Winter,0,3,0,2,1,1,0.266667,54.5600282,0.263879,0.535,0.216425,137,1714,1851,88255
61,2011-03-02,Winter,0,3,0,3,1,1,0.335,60.341,0.320071,0.449583,0.307833,231,1903,2134,90389
62,2011-03-03,Winter,0,3,0,4,1,1,0.198333,48.7789718,0.200133,0.318333,0.225754,123,1562,1685,92074
63,2011-03-04,Winter,0,3,0,5,1,2,0.261667,54.1370282,0.255679,0.610417,0.203346,214,1730,1944,94018
64,2011-03-05,Winter,0,3,0,6,0,2,0.384167,64.5005282,0.378779,0.789167,0.251871,640,1437,2077,96095
65,2011-03-06,Winter,0,3,0,0,0,2,0.376522,63.8537612,0.366252,0.948261,0.343287,114,491,605,96700
66,2011-03-07,Winter,0,3,0,1,1,1,0.261739,54.1431194,0.238461,0.551304,0.341352,244,1628,1872,98572
67,2011-03-08,Winter,0,3,0,2,1,1,0.2925,56.7455,0.3024,0.420833,0.12065,316,1817,2133,100705
68,2011-03-09,Winter,0,3,0,3,1,2,0.295833,57.0274718,0.286608,0.775417,0.22015,191,1700,1891,102596
69,2011-03-10,Winter,0,3,0,4,1,3,0.389091,64.9170986,0.385668,0,0.261877,46,577,623,103219
70,2011-03-11,Winter,0,3,0,5,1,2,0.316522,58.7777612,0.305,0.649565,0.23297,247,1730,1977,105196
71,2011-03-12,Winter,0,3,0,6,0,1,0.329167,59.8475282,0.32575,0.594583,0.220775,724,1408,2132,107328
72,2011-03-13,Winter,0,3,0,0,0,1,0.384348,64.5158408,0.380091,0.527391,0.270604,982,1435,2417,109745
73,2011-03-14,Winter,0,3,0,1,1,1,0.325217,59.5133582,0.332,0.496957,0.136926,359,1687,2046,111791
74,2011-03-15,Winter,0,3,0,2,1,2,0.317391,58.8512786,0.318178,0.655652,0.184309,289,1767,2056,113847
75,2011-03-16,Winter,0,3,0,3,1,2,0.365217,62.8973582,0.36693,0.776522,0.203117,321,1871,2192,116039
76,2011-03-17,Winter,0,3,0,4,1,1,0.415,67.109,0.410333,0.602917,0.209579,424,2320,2744,118783
77,2011-03-18,Winter,0,3,0,5,1,1,0.54,77.684,0.527009,0.525217,0.231017,884,2355,3239,122022
78,2011-03-19,Winter,0,3,0,6,0,1,0.4725,71.9735,0.466525,0.379167,0.368167,1424,1693,3117,125139
79,2011-03-20,Winter,0,3,0,0,0,1,0.3325,60.1295,0.32575,0.47375,0.207721,1047,1424,2471,127610
80,2011-03-21,Spring,0,3,0,1,1,2,0.430435,68.414801,0.409735,0.737391,0.288783,401,1676,2077,129687
81,2011-03-22,Spring,0,3,0,2,1,1,0.441667,69.3650282,0.440642,0.624583,0.22575,460,2243,2703,132390
82,2011-03-23,Spring,0,3,0,3,1,2,0.346957,61.3525622,0.337939,0.839565,0.234261,203,1918,2121,134511
83,2011-03-24,Spring,0,3,0,4,1,2,0.285,56.111,0.270833,0.805833,0.243787,166,1699,1865,136376
84,2011-03-25,Spring,0,3,0,5,1,1,0.264167,54.3485282,0.256312,0.495,0.230725,300,1910,2210,138586
85,2011-03-26,Spring,0,3,0,6,0,1,0.265833,54.4894718,0.257571,0.394167,0.209571,981,1515,2496,141082
86,2011-03-27,Spring,0,3,0,0,0,2,0.253043,53.4074378,0.250339,0.493913,0.1843,472,1221,1693,142775
87,2011-03-28,Spring,0,3,0,1,1,1,0.264348,54.3638408,0.257574,0.302174,0.212204,222,1806,2028,144803
88,2011-03-29,Spring,0,3,0,2,1,1,0.3025,57.5915,0.292908,0.314167,0.226996,317,2108,2425,147228
89,2011-03-30,Spring,0,3,0,3,1,2,0.3,57.38,0.29735,0.646667,0.172888,168,1368,1536,148764
90,2011-03-31,Spring,0,3,0,4,1,3,0.268333,54.7009718,0.257575,0.918333,0.217646,179,1506,1685,150449
91,2011-04-01,Spring,0,4,0,5,1,2,0.3,57.38,0.283454,0.68625,0.258708,307,1920,2227,152676
92,2011-04-02,Spring,0,4,0,6,0,2,0.315,58.649,0.315637,0.65375,0.197146,898,1354,2252,154928
93,2011-04-03,Spring,0,4,0,0,0,1,0.378333,64.0069718,0.378767,0.48,0.182213,1651,1598,3249,158177
94,2011-04-04,Spring,0,4,0,1,1,1,0.573333,80.5039718,0.542929,0.42625,0.385571,734,2381,3115,161292
95,2011-04-05,Spring,0,4,0,2,1,2,0.414167,67.0385282,0.39835,0.642083,0.388067,167,1628,1795,163087
96,2011-04-06,Spring,0,4,0,3,1,1,0.390833,65.0644718,0.387608,0.470833,0.263063,413,2395,2808,165895
97,2011-04-07,Spring,0,4,0,4,1,1,0.4375,69.0125,0.433696,0.602917,0.162312,571,2570,3141,169036
98,2011-04-08,Spring,0,4,0,5,1,2,0.335833,60.4114718,0.324479,0.83625,0.226992,172,1299,1471,170507
99,2011-04-09,Spring,0,4,0,6,0,2,0.3425,60.9755,0.341529,0.8775,0.133083,879,1576,2455,172962
100,2011-04-10,Spring,0,4,0,0,0,2,0.426667,68.0960282,0.426737,0.8575,0.146767,1188,1707,2895,175857
101,2011-04-11,Spring,0,4,0,1,1,2,0.595652,82.3921592,0.565217,0.716956,0.324474,855,2493,3348,179205
102,2011-04-12,Spring,0,4,0,2,1,2,0.5025,74.5115,0.493054,0.739167,0.274879,257,1777,2034,181239
103,2011-04-13,Spring,0,4,0,3,1,2,0.4125,66.8975,0.417283,0.819167,0.250617,209,1953,2162,183401
104,2011-04-14,Spring,0,4,0,4,1,1,0.4675,71.5505,0.462742,0.540417,0.1107,529,2738,3267,186668
105,2011-04-15,Spring,0,4,1,5,0,1,0.446667,69.7880282,0.441913,0.67125,0.226375,642,2484,3126,189794
106,2011-04-16,Spring,0,4,0,6,0,3,0.430833,68.4484718,0.425492,0.888333,0.340808,121,674,795,190589
107,2011-04-17,Spring,0,4,0,0,0,1,0.456667,70.6340282,0.445696,0.479583,0.303496,1558,2186,3744,194333
108,2011-04-18,Spring,0,4,0,1,1,1,0.5125,75.3575,0.503146,0.5425,0.163567,669,2760,3429,197762
109,2011-04-19,Spring,0,4,0,2,1,2,0.505833,74.7934718,0.489258,0.665833,0.157971,409,2795,3204,200966
110,2011-04-20,Spring,0,4,0,3,1,1,0.595,82.337,0.564392,0.614167,0.241925,613,3331,3944,204910
111,2011-04-21,Spring,0,4,0,4,1,1,0.459167,70.8455282,0.453892,0.407083,0.325258,745,3444,4189,209099
112,2011-04-22,Spring,0,4,0,5,1,2,0.336667,60.4820282,0.321954,0.729583,0.219521,177,1506,1683,210782
113,2011-04-23,Spring,0,4,0,6,0,2,0.46,70.916,0.450121,0.887917,0.230725,1462,2574,4036,214818
114,2011-04-24,Spring,0,4,0,0,0,2,0.581667,81.2090282,0.551763,0.810833,0.192175,1710,2481,4191,219009
115,2011-04-25,Spring,0,4,0,1,1,1,0.606667,83.3240282,0.5745,0.776667,0.185333,773,3300,4073,223082
116,2011-04-26,Spring,0,4,0,2,1,1,0.631667,85.4390282,0.594083,0.729167,0.3265,678,3722,4400,227482
117,2011-04-27,Spring,0,4,0,3,1,2,0.62,84.452,0.575142,0.835417,0.3122,547,3325,3872,231354
118,2011-04-28,Spring,0,4,0,4,1,2,0.6175,84.2405,0.578929,0.700833,0.320908,569,3489,4058,235412
119,2011-04-29,Spring,0,4,0,5,1,1,0.51,75.146,0.497463,0.457083,0.240063,878,3717,4595,240007
120,2011-04-30,Spring,0,4,0,6,0,1,0.4725,71.9735,0.464021,0.503333,0.235075,1965,3347,5312,245319
121,2011-05-01,Spring,0,5,0,0,0,2,0.451667,70.2110282,0.448204,0.762083,0.106354,1138,2213,3351,248670
122,2011-05-02,Spring,0,5,0,1,1,2,0.549167,78.4595282,0.532833,0.73,0.183454,847,3554,4401,253071
123,2011-05-03,Spring,0,5,0,2,1,2,0.616667,84.1700282,0.582079,0.697083,0.342667,603,3848,4451,257522
124,2011-05-04,Spring,0,5,0,3,1,2,0.414167,67.0385282,0.40465,0.737083,0.328996,255,2378,2633,260155
125,2011-05-05,Spring,0,5,0,4,1,1,0.459167,70.8455282,0.441917,0.444167,0.295392,614,3819,4433,264588
126,2011-05-06,Spring,0,5,0,5,1,1,0.479167,72.5375282,0.474117,0.59,0.228246,894,3714,4608,269196
127,2011-05-07,Spring,0,5,0,6,0,1,0.52,75.992,0.512621,0.54125,0.16045,1612,3102,4714,273910
128,2011-05-08,Spring,0,5,0,0,0,1,0.528333,76.6969718,0.518933,0.631667,0.0746375,1401,2932,4333,278243
129,2011-05-09,Spring,0,5,0,1,1,1,0.5325,77.0495,0.525246,0.58875,0.176,664,3698,4362,282605
130,2011-05-10,Spring,0,5,0,2,1,1,0.5325,77.0495,0.522721,0.489167,0.115671,694,4109,4803,287408
131,2011-05-11,Spring,0,5,0,3,1,1,0.5425,77.8955,0.5284,0.632917,0.120642,550,3632,4182,291590
132,2011-05-12,Spring,0,5,0,4,1,1,0.535,77.261,0.523363,0.7475,0.189667,695,4169,4864,296454
133,2011-05-13,Spring,0,5,0,5,1,2,0.5125,75.3575,0.4943,0.863333,0.179725,692,3413,4105,300559
134,2011-05-14,Spring,0,5,0,6,0,2,0.520833,76.0624718,0.500629,0.9225,0.13495,902,2507,3409,303968
135,2011-05-15,Spring,0,5,0,0,0,2,0.5625,79.5875,0.536,0.867083,0.152979,1582,2971,4553,308521
136,2011-05-16,Spring,0,5,0,1,1,1,0.5775,80.8565,0.550512,0.787917,0.126871,773,3185,3958,312479
137,2011-05-17,Spring,0,5,0,2,1,2,0.561667,79.5170282,0.538529,0.837917,0.277354,678,3445,4123,316602
138,2011-05-18,Spring,0,5,0,3,1,2,0.55,78.53,0.527158,0.87,0.201492,536,3319,3855,320457
139,2011-05-19,Spring,0,5,0,4,1,2,0.530833,76.9084718,0.510742,0.829583,0.108213,735,3840,4575,325032
140,2011-05-20,Spring,0,5,0,5,1,1,0.536667,77.4020282,0.529042,0.719583,0.125013,909,4008,4917,329949
141,2011-05-21,Spring,0,5,0,6,0,1,0.6025,82.9715,0.571975,0.626667,0.12065,2258,3547,5805,335754
142,2011-05-22,Spring,0,5,0,0,0,1,0.604167,83.1125282,0.5745,0.749583,0.148008,1576,3084,4660,340414
143,2011-05-23,Spring,0,5,0,1,1,2,0.631667,85.4390282,0.590296,0.81,0.233842,836,3438,4274,344688
144,2011-05-24,Spring,0,5,0,2,1,2,0.66,87.836,0.604813,0.740833,0.207092,659,3833,4492,349180
145,2011-05-25,Spring,0,5,0,3,1,1,0.660833,87.9064718,0.615542,0.69625,0.154233,740,4238,4978,354158
146,2011-05-26,Spring,0,5,0,4,1,1,0.708333,91.9249718,0.654688,0.6775,0.199642,758,3919,4677,358835
147,2011-05-27,Spring,0,5,0,5,1,1,0.681667,89.6690282,0.637008,0.65375,0.240679,871,3808,4679,363514
148,2011-05-28,Spring,0,5,0,6,0,1,0.655833,87.4834718,0.612379,0.729583,0.230092,2001,2757,4758,368272
149,2011-05-29,Spring,0,5,0,0,0,1,0.6675,88.4705,0.61555,0.81875,0.213938,2355,2433,4788,373060
150,2011-05-30,Spring,0,5,1,1,0,1,0.733333,94.0399718,0.671092,0.685,0.131225,1549,2549,4098,377158
151,2011-05-31,Spring,0,5,0,2,1,1,0.775,97.565,0.725383,0.636667,0.111329,673,3309,3982,381140
152,2011-06-01,Spring,0,6,0,3,1,2,0.764167,96.6485282,0.720967,0.677083,0.207092,513,3461,3974,385114
153,2011-06-02,Spring,0,6,0,4,1,1,0.715,92.489,0.643942,0.305,0.292287,736,4232,4968,390082
154,2011-06-03,Spring,0,6,0,5,1,1,0.62,84.452,0.587133,0.354167,0.253121,898,4414,5312,395394
155,2011-06-04,Spring,0,6,0,6,0,1,0.635,85.721,0.594696,0.45625,0.123142,1869,3473,5342,400736
156,2011-06-05,Spring,0,6,0,0,0,2,0.648333,86.8489718,0.616804,0.6525,0.138692,1685,3221,4906,405642
157,2011-06-06,Spring,0,6,0,1,1,1,0.678333,89.3869718,0.621858,0.6,0.121896,673,3875,4548,410190
158,2011-06-07,Spring,0,6,0,2,1,1,0.7075,91.8545,0.65595,0.597917,0.187808,763,4070,4833,415023
159,2011-06-08,Spring,0,6,0,3,1,1,0.775833,97.6354718,0.727279,0.622083,0.136817,676,3725,4401,419424
160,2011-06-09,Spring,0,6,0,4,1,2,0.808333,100.3849718,0.757579,0.568333,0.149883,563,3352,3915,423339
161,2011-06-10,Spring,0,6,0,5,1,1,0.755,95.873,0.703292,0.605,0.140554,815,3771,4586,427925
162,2011-06-11,Spring,0,6,0,6,0,1,0.725,93.335,0.678038,0.654583,0.15485,1729,3237,4966,432891
163,2011-06-12,Spring,0,6,0,0,0,1,0.6925,90.5855,0.643325,0.747917,0.163567,1467,2993,4460,437351
164,2011-06-13,Spring,0,6,0,1,1,1,0.635,85.721,0.601654,0.494583,0.30535,863,4157,5020,442371
165,2011-06-14,Spring,0,6,0,2,1,1,0.604167,83.1125282,0.591546,0.507083,0.269283,727,4164,4891,447262
166,2011-06-15,Spring,0,6,0,3,1,1,0.626667,85.0160282,0.587754,0.471667,0.167912,769,4411,5180,452442
167,2011-06-16,Spring,0,6,0,4,1,2,0.628333,85.1569718,0.595346,0.688333,0.206471,545,3222,3767,456209
168,2011-06-17,Spring,0,6,0,5,1,1,0.649167,86.9195282,0.600383,0.735833,0.143029,863,3981,4844,461053
169,2011-06-18,Spring,0,6,0,6,0,1,0.696667,90.9380282,0.643954,0.670417,0.119408,1807,3312,5119,466172
170,2011-06-19,Spring,0,6,0,0,0,2,0.699167,91.1495282,0.645846,0.666667,0.102,1639,3105,4744,470916
171,2011-06-20,Spring,0,6,0,1,1,2,0.635,85.721,0.595346,0.74625,0.155475,699,3311,4010,474926
172,2011-06-21,Summer,0,6,0,2,1,2,0.680833,89.5984718,0.637646,0.770417,0.171025,774,4061,4835,479761
173,2011-06-22,Summer,0,6,0,3,1,1,0.733333,94.0399718,0.693829,0.7075,0.172262,661,3846,4507,484268
174,2011-06-23,Summer,0,6,0,4,1,2,0.728333,93.6169718,0.693833,0.703333,0.238804,746,4044,4790,489058
175,2011-06-24,Summer,0,6,0,5,1,1,0.724167,93.2645282,0.656583,0.573333,0.222025,969,4022,4991,494049
176,2011-06-25,Summer,0,6,0,6,0,1,0.695,90.797,0.643313,0.483333,0.209571,1782,3420,5202,499251
177,2011-06-26,Summer,0,6,0,0,0,1,0.68,89.528,0.637629,0.513333,0.0945333,1920,3385,5305,504556
178,2011-06-27,Summer,0,6,0,1,1,2,0.6825,89.7395,0.637004,0.658333,0.107588,854,3854,4708,509264
179,2011-06-28,Summer,0,6,0,2,1,1,0.744167,94.9565282,0.692558,0.634167,0.144283,732,3916,4648,513912
180,2011-06-29,Summer,0,6,0,3,1,1,0.728333,93.6169718,0.654688,0.497917,0.261821,848,4377,5225,519137
181,2011-06-30,Summer,0,6,0,4,1,1,0.696667,90.9380282,0.637008,0.434167,0.185312,1027,4488,5515,524652
182,2011-07-01,Summer,0,7,0,5,1,1,0.7225,93.1235,0.652162,0.39625,0.102608,1246,4116,5362,530014
183,2011-07-02,Summer,0,7,0,6,0,1,0.738333,94.4629718,0.667308,0.444583,0.115062,2204,2915,5119,535133
184,2011-07-03,Summer,0,7,0,0,0,2,0.716667,92.6300282,0.668575,0.6825,0.228858,2282,2367,4649,539782
185,2011-07-04,Summer,0,7,1,1,0,2,0.726667,93.4760282,0.665417,0.637917,0.0814792,3065,2978,6043,545825
186,2011-07-05,Summer,0,7,0,2,1,1,0.746667,95.1680282,0.696338,0.590417,0.126258,1031,3634,4665,550490
187,2011-07-06,Summer,0,7,0,3,1,1,0.72,92.912,0.685633,0.743333,0.149883,784,3845,4629,555119
188,2011-07-07,Summer,0,7,0,4,1,1,0.75,95.45,0.686871,0.65125,0.1592,754,3838,4592,559711
189,2011-07-08,Summer,0,7,0,5,1,2,0.709167,91.9955282,0.670483,0.757917,0.225129,692,3348,4040,563751
190,2011-07-09,Summer,0,7,0,6,0,1,0.733333,94.0399718,0.664158,0.609167,0.167912,1988,3348,5336,569087
191,2011-07-10,Summer,0,7,0,0,0,1,0.7475,95.2385,0.690025,0.578333,0.183471,1743,3138,4881,573968
192,2011-07-11,Summer,0,7,0,1,1,1,0.7625,96.5075,0.729804,0.635833,0.282337,723,3363,4086,578054
193,2011-07-12,Summer,0,7,0,2,1,1,0.794167,99.1865282,0.739275,0.559167,0.200254,662,3596,4258,582312
194,2011-07-13,Summer,0,7,0,3,1,1,0.746667,95.1680282,0.689404,0.631667,0.146133,748,3594,4342,586654
195,2011-07-14,Summer,0,7,0,4,1,1,0.680833,89.5984718,0.635104,0.47625,0.240667,888,4196,5084,591738
196,2011-07-15,Summer,0,7,0,5,1,1,0.663333,88.1179718,0.624371,0.59125,0.182833,1318,4220,5538,597276
197,2011-07-16,Summer,0,7,0,6,0,1,0.686667,90.0920282,0.638263,0.585,0.208342,2418,3505,5923,603199
198,2011-07-17,Summer,0,7,0,0,0,1,0.719167,92.8415282,0.669833,0.604167,0.245033,2006,3296,5302,608501
199,2011-07-18,Summer,0,7,0,1,1,1,0.746667,95.1680282,0.703925,0.65125,0.215804,841,3617,4458,612959
200,2011-07-19,Summer,0,7,0,2,1,1,0.776667,97.7060282,0.747479,0.650417,0.1306,752,3789,4541,617500
201,2011-07-20,Summer,0,7,0,3,1,1,0.768333,97.0009718,0.74685,0.707083,0.113817,644,3688,4332,621832
202,2011-07-21,Summer,0,7,0,4,1,2,0.815,100.949,0.826371,0.69125,0.222021,632,3152,3784,625616
203,2011-07-22,Summer,0,7,0,5,1,1,0.848333,103.7689718,0.840896,0.580417,0.1331,562,2825,3387,629003
204,2011-07-23,Summer,0,7,0,6,0,1,0.849167,103.8395282,0.804287,0.5,0.131221,987,2298,3285,632288
205,2011-07-24,Summer,0,7,0,0,0,1,0.83,102.218,0.794829,0.550833,0.169171,1050,2556,3606,635894
206,2011-07-25,Summer,0,7,0,1,1,1,0.743333,94.8859718,0.720958,0.757083,0.0908083,568,3272,3840,639734
207,2011-07-26,Summer,0,7,0,2,1,1,0.771667,97.2830282,0.696979,0.540833,0.200258,750,3840,4590,644324
208,2011-07-27,Summer,0,7,0,3,1,1,0.775,97.565,0.690667,0.402917,0.183463,755,3901,4656,648980
209,2011-07-28,Summer,0,7,0,4,1,1,0.779167,97.9175282,0.7399,0.583333,0.178479,606,3784,4390,653370
210,2011-07-29,Summer,0,7,0,5,1,1,0.838333,102.9229718,0.785967,0.5425,0.174138,670,3176,3846,657216
211,2011-07-30,Summer,0,7,0,6,0,1,0.804167,100.0325282,0.728537,0.465833,0.168537,1559,2916,4475,661691
212,2011-07-31,Summer,0,7,0,0,0,1,0.805833,100.1734718,0.729796,0.480833,0.164813,1524,2778,4302,665993
213,2011-08-01,Summer,0,8,0,1,1,1,0.771667,97.2830282,0.703292,0.550833,0.156717,729,3537,4266,670259
214,2011-08-02,Summer,0,8,0,2,1,1,0.783333,98.2699718,0.707071,0.49125,0.20585,801,4044,4845,675104
215,2011-08-03,Summer,0,8,0,3,1,2,0.731667,93.8990282,0.679937,0.6575,0.135583,467,3107,3574,678678
216,2011-08-04,Summer,0,8,0,4,1,2,0.71,92.066,0.664788,0.7575,0.19715,799,3777,4576,683254
217,2011-08-05,Summer,0,8,0,5,1,1,0.710833,92.1364718,0.656567,0.630833,0.184696,1023,3843,4866,688120
218,2011-08-06,Summer,0,8,0,6,0,2,0.716667,92.6300282,0.676154,0.755,0.22825,1521,2773,4294,692414
219,2011-08-07,Summer,0,8,0,0,0,1,0.7425,94.8155,0.715292,0.752917,0.201487,1298,2487,3785,696199
220,2011-08-08,Summer,0,8,0,1,1,1,0.765,96.719,0.703283,0.592083,0.192175,846,3480,4326,700525
221,2011-08-09,Summer,0,8,0,2,1,1,0.775,97.565,0.724121,0.570417,0.151121,907,3695,4602,705127
222,2011-08-10,Summer,0,8,0,3,1,1,0.766667,96.8600282,0.684983,0.424167,0.200258,884,3896,4780,709907
223,2011-08-11,Summer,0,8,0,4,1,1,0.7175,92.7005,0.651521,0.42375,0.164796,812,3980,4792,714699
224,2011-08-12,Summer,0,8,0,5,1,1,0.708333,91.9249718,0.654042,0.415,0.125621,1051,3854,4905,719604
225,2011-08-13,Summer,0,8,0,6,0,2,0.685833,90.0214718,0.645858,0.729583,0.211454,1504,2646,4150,723754
226,2011-08-14,Summer,0,8,0,0,0,2,0.676667,89.2460282,0.624388,0.8175,0.222633,1338,2482,3820,727574
227,2011-08-15,Summer,0,8,0,1,1,1,0.665833,88.3294718,0.616167,0.712083,0.208954,775,3563,4338,731912
228,2011-08-16,Summer,0,8,0,2,1,1,0.700833,91.2904718,0.645837,0.578333,0.236329,721,4004,4725,736637
229,2011-08-17,Summer,0,8,0,3,1,1,0.723333,93.1939718,0.666671,0.575417,0.143667,668,4026,4694,741331
230,2011-08-18,Summer,0,8,0,4,1,1,0.711667,92.2070282,0.662258,0.654583,0.233208,639,3166,3805,745136
231,2011-08-19,Summer,0,8,0,5,1,2,0.685,89.951,0.633221,0.722917,0.139308,797,3356,4153,749289
232,2011-08-20,Summer,0,8,0,6,0,1,0.6975,91.0085,0.648996,0.674167,0.104467,1914,3277,5191,754480
233,2011-08-21,Summer,0,8,0,0,0,1,0.710833,92.1364718,0.675525,0.77,0.248754,1249,2624,3873,758353
234,2011-08-22,Summer,0,8,0,1,1,1,0.691667,90.5150282,0.638254,0.47,0.27675,833,3925,4758,763111
235,2011-08-23,Summer,0,8,0,2,1,1,0.640833,86.2144718,0.606067,0.455417,0.146763,1281,4614,5895,769006
236,2011-08-24,Summer,0,8,0,3,1,1,0.673333,88.9639718,0.630692,0.605,0.253108,949,4181,5130,774136
237,2011-08-25,Summer,0,8,0,4,1,2,0.684167,89.8805282,0.645854,0.771667,0.210833,435,3107,3542,777678
238,2011-08-26,Summer,0,8,0,5,1,1,0.7,91.22,0.659733,0.76125,0.0839625,768,3893,4661,782339
239,2011-08-27,Summer,0,8,0,6,0,2,0.68,89.528,0.635556,0.85,0.375617,226,889,1115,783454
240,2011-08-28,Summer,0,8,0,0,0,1,0.707059,91.8171914,0.647959,0.561765,0.304659,1415,2919,4334,787788
241,2011-08-29,Summer,0,8,0,1,1,1,0.636667,85.8620282,0.607958,0.554583,0.159825,729,3905,4634,792422
242,2011-08-30,Summer,0,8,0,2,1,1,0.639167,86.0735282,0.594704,0.548333,0.125008,775,4429,5204,797626
243,2011-08-31,Summer,0,8,0,3,1,1,0.656667,87.5540282,0.611121,0.597917,0.0833333,688,4370,5058,802684
244,2011-09-01,Summer,0,9,0,4,1,1,0.655,87.413,0.614921,0.639167,0.141796,783,4332,5115,807799
245,2011-09-02,Summer,0,9,0,5,1,2,0.643333,86.4259718,0.604808,0.727083,0.139929,875,3852,4727,812526
246,2011-09-03,Summer,0,9,0,6,0,1,0.669167,88.6115282,0.633213,0.716667,0.185325,1935,2549,4484,817010
247,2011-09-04,Summer,0,9,0,0,0,1,0.709167,91.9955282,0.665429,0.742083,0.206467,2521,2419,4940,821950
248,2011-09-05,Summer,0,9,1,1,0,2,0.673333,88.9639718,0.625646,0.790417,0.212696,1236,2115,3351,825301
249,2011-09-06,Summer,0,9,0,2,1,3,0.54,77.684,0.5152,0.886957,0.343943,204,2506,2710,828011
250,2011-09-07,Summer,0,9,0,3,1,3,0.599167,82.6895282,0.544229,0.917083,0.0970208,118,1878,1996,830007
251,2011-09-08,Summer,0,9,0,4,1,3,0.633913,85.6290398,0.555361,0.939565,0.192748,153,1689,1842,831849
252,2011-09-09,Summer,0,9,0,5,1,2,0.65,86.99,0.578946,0.897917,0.124379,417,3127,3544,835393
253,2011-09-10,Summer,0,9,0,6,0,1,0.66,87.836,0.607962,0.75375,0.153608,1750,3595,5345,840738
254,2011-09-11,Summer,0,9,0,0,0,1,0.653333,87.2719718,0.609229,0.71375,0.115054,1633,3413,5046,845784
255,2011-09-12,Summer,0,9,0,1,1,1,0.644348,86.5118408,0.60213,0.692174,0.088913,690,4023,4713,850497
256,2011-09-13,Summer,0,9,0,2,1,1,0.650833,87.0604718,0.603554,0.7125,0.141804,701,4062,4763,855260
257,2011-09-14,Summer,0,9,0,3,1,1,0.673333,88.9639718,0.6269,0.697083,0.1673,647,4138,4785,860045
258,2011-09-15,Summer,0,9,0,4,1,2,0.5775,80.8565,0.553671,0.709167,0.271146,428,3231,3659,863704
259,2011-09-16,Summer,0,9,0,5,1,2,0.469167,71.6915282,0.461475,0.590417,0.164183,742,4018,4760,868464
260,2011-09-17,Summer,0,9,0,6,0,2,0.491667,73.5950282,0.478512,0.718333,0.189675,1434,3077,4511,872975
261,2011-09-18,Summer,0,9,0,0,0,1,0.5075,74.9345,0.490537,0.695,0.178483,1353,2921,4274,877249
262,2011-09-19,Summer,0,9,0,1,1,2,0.549167,78.4595282,0.529675,0.69,0.151742,691,3848,4539,881788
263,2011-09-20,Summer,0,9,0,2,1,2,0.561667,79.5170282,0.532217,0.88125,0.134954,438,3203,3641,885429
264,2011-09-21,Summer,0,9,0,3,1,2,0.595,82.337,0.550533,0.9,0.0964042,539,3813,4352,889781
265,2011-09-22,Summer,0,9,0,4,1,2,0.628333,85.1569718,0.554963,0.902083,0.128125,555,4240,4795,894576
266,2011-09-23,Fall,0,9,0,5,1,2,0.609167,83.5355282,0.522125,0.9725,0.0783667,258,2137,2395,896971
267,2011-09-24,Fall,0,9,0,6,0,2,0.606667,83.3240282,0.564412,0.8625,0.0783833,1776,3647,5423,902394
268,2011-09-25,Fall,0,9,0,0,0,2,0.634167,85.6505282,0.572637,0.845,0.0503792,1544,3466,5010,907404
269,2011-09-26,Fall,0,9,0,1,1,2,0.649167,86.9195282,0.589042,0.848333,0.1107,684,3946,4630,912034
270,2011-09-27,Fall,0,9,0,2,1,2,0.636667,85.8620282,0.574525,0.885417,0.118171,477,3643,4120,916154
271,2011-09-28,Fall,0,9,0,3,1,2,0.635,85.721,0.575158,0.84875,0.148629,480,3427,3907,920061
272,2011-09-29,Fall,0,9,0,4,1,1,0.616667,84.1700282,0.574512,0.699167,0.172883,653,4186,4839,924900
273,2011-09-30,Fall,0,9,0,5,1,1,0.564167,79.7285282,0.544829,0.6475,0.206475,830,4372,5202,930102
274,2011-10-01,Fall,0,10,0,6,0,2,0.41,66.686,0.412863,0.75375,0.292296,480,1949,2429,932531
275,2011-10-02,Fall,0,10,0,0,0,2,0.356667,62.1740282,0.345317,0.791667,0.222013,616,2302,2918,935449
276,2011-10-03,Fall,0,10,0,1,1,2,0.384167,64.5005282,0.392046,0.760833,0.0833458,330,3240,3570,939019
277,2011-10-04,Fall,0,10,0,2,1,1,0.484167,72.9605282,0.472858,0.71,0.205854,486,3970,4456,943475
278,2011-10-05,Fall,0,10,0,3,1,1,0.538333,77.5429718,0.527138,0.647917,0.17725,559,4267,4826,948301
279,2011-10-06,Fall,0,10,0,4,1,1,0.494167,73.8065282,0.480425,0.620833,0.134954,639,4126,4765,953066
280,2011-10-07,Fall,0,10,0,5,1,1,0.510833,75.2164718,0.504404,0.684167,0.0223917,949,4036,4985,958051
281,2011-10-08,Fall,0,10,0,6,0,1,0.521667,76.1330282,0.513242,0.70125,0.0454042,2235,3174,5409,963460
282,2011-10-09,Fall,0,10,0,0,0,1,0.540833,77.7544718,0.523983,0.7275,0.06345,2397,3114,5511,968971
283,2011-10-10,Fall,0,10,1,1,0,1,0.570833,80.2924718,0.542925,0.73375,0.0423042,1514,3603,5117,974088
284,2011-10-11,Fall,0,10,0,2,1,2,0.566667,79.9400282,0.546096,0.80875,0.143042,667,3896,4563,978651
285,2011-10-12,Fall,0,10,0,3,1,3,0.543333,77.9659718,0.517717,0.90625,0.24815,217,2199,2416,981067
286,2011-10-13,Fall,0,10,0,4,1,2,0.589167,81.8435282,0.551804,0.896667,0.141787,290,2623,2913,983980
287,2011-10-14,Fall,0,10,0,5,1,2,0.550833,78.6004718,0.529675,0.71625,0.223883,529,3115,3644,987624
288,2011-10-15,Fall,0,10,0,6,0,1,0.506667,74.8640282,0.498725,0.483333,0.258083,1899,3318,5217,992841
289,2011-10-16,Fall,0,10,0,0,0,1,0.511667,75.2870282,0.503154,0.486667,0.281717,1748,3293,5041,997882
290,2011-10-17,Fall,0,10,0,1,1,1,0.534167,77.1905282,0.510725,0.579583,0.175379,713,3857,4570,1002452
291,2011-10-18,Fall,0,10,0,2,1,2,0.5325,77.0495,0.522721,0.701667,0.110087,637,4111,4748,1007200
292,2011-10-19,Fall,0,10,0,3,1,3,0.541739,77.8311194,0.513848,0.895217,0.243339,254,2170,2424,1009624
293,2011-10-20,Fall,0,10,0,4,1,1,0.475833,72.2554718,0.466525,0.63625,0.422275,471,3724,4195,1013819
294,2011-10-21,Fall,0,10,0,5,1,1,0.4275,68.1665,0.423596,0.574167,0.221396,676,3628,4304,1018123
295,2011-10-22,Fall,0,10,0,6,0,1,0.4225,67.7435,0.425492,0.629167,0.0926667,1499,2809,4308,1022431
296,2011-10-23,Fall,0,10,0,0,0,1,0.421667,67.6730282,0.422333,0.74125,0.0995125,1619,2762,4381,1026812
297,2011-10-24,Fall,0,10,0,1,1,1,0.463333,71.1979718,0.457067,0.772083,0.118792,699,3488,4187,1030999
298,2011-10-25,Fall,0,10,0,2,1,1,0.471667,71.9030282,0.463375,0.622917,0.166658,695,3992,4687,1035686
299,2011-10-26,Fall,0,10,0,3,1,2,0.484167,72.9605282,0.472846,0.720417,0.148642,404,3490,3894,1039580
300,2011-10-27,Fall,0,10,0,4,1,2,0.47,71.762,0.457046,0.812917,0.197763,240,2419,2659,1042239
301,2011-10-28,Fall,0,10,0,5,1,2,0.330833,59.9884718,0.318812,0.585833,0.229479,456,3291,3747,1045986
302,2011-10-29,Fall,0,10,0,6,0,3,0.254167,53.5025282,0.227913,0.8825,0.351371,57,570,627,1046613
303,2011-10-30,Fall,0,10,0,0,0,1,0.319167,59.0015282,0.321329,0.62375,0.176617,885,2446,3331,1049944
304,2011-10-31,Fall,0,10,0,1,1,1,0.34,60.764,0.356063,0.703333,0.10635,362,3307,3669,1053613
305,2011-11-01,Fall,0,11,0,2,1,1,0.400833,65.9104718,0.397088,0.68375,0.135571,410,3658,4068,1057681
306,2011-11-02,Fall,0,11,0,3,1,1,0.3775,63.9365,0.390133,0.71875,0.0820917,370,3816,4186,1061867
307,2011-11-03,Fall,0,11,0,4,1,1,0.408333,66.5449718,0.405921,0.702083,0.136817,318,3656,3974,1065841
308,2011-11-04,Fall,0,11,0,5,1,2,0.403333,66.1219718,0.403392,0.6225,0.271779,470,3576,4046,1069887
309,2011-11-05,Fall,0,11,0,6,0,1,0.326667,59.6360282,0.323854,0.519167,0.189062,1156,2770,3926,1073813
310,2011-11-06,Fall,0,11,0,0,0,1,0.348333,61.4689718,0.362358,0.734583,0.0920542,952,2697,3649,1077462
311,2011-11-07,Fall,0,11,0,1,1,1,0.395,65.417,0.400871,0.75875,0.057225,373,3662,4035,1081497
312,2011-11-08,Fall,0,11,0,2,1,1,0.408333,66.5449718,0.412246,0.721667,0.0690375,376,3829,4205,1085702
313,2011-11-09,Fall,0,11,0,3,1,1,0.4,65.84,0.409079,0.758333,0.0621958,305,3804,4109,1089811
314,2011-11-10,Fall,0,11,0,4,1,2,0.38,64.148,0.373721,0.813333,0.189067,190,2743,2933,1092744
315,2011-11-11,Fall,0,11,1,5,0,1,0.324167,59.4245282,0.306817,0.44625,0.314675,440,2928,3368,1096112
316,2011-11-12,Fall,0,11,0,6,0,1,0.356667,62.1740282,0.357942,0.552917,0.212062,1275,2792,4067,1100179
317,2011-11-13,Fall,0,11,0,0,0,1,0.440833,69.2944718,0.43055,0.458333,0.281721,1004,2713,3717,1103896
318,2011-11-14,Fall,0,11,0,1,1,1,0.53,76.838,0.524612,0.587083,0.306596,595,3891,4486,1108382
319,2011-11-15,Fall,0,11,0,2,1,2,0.53,76.838,0.507579,0.68875,0.199633,449,3746,4195,1112577
320,2011-11-16,Fall,0,11,0,3,1,3,0.456667,70.6340282,0.451988,0.93,0.136829,145,1672,1817,1114394
321,2011-11-17,Fall,0,11,0,4,1,2,0.341667,60.9050282,0.323221,0.575833,0.305362,139,2914,3053,1117447
322,2011-11-18,Fall,0,11,0,5,1,1,0.274167,55.1945282,0.272721,0.41,0.168533,245,3147,3392,1120839
323,2011-11-19,Fall,0,11,0,6,0,1,0.329167,59.8475282,0.324483,0.502083,0.224496,943,2720,3663,1124502
324,2011-11-20,Fall,0,11,0,0,0,2,0.463333,71.1979718,0.457058,0.684583,0.18595,787,2733,3520,1128022
325,2011-11-21,Fall,0,11,0,1,1,3,0.4475,69.8585,0.445062,0.91,0.138054,220,2545,2765,1130787
326,2011-11-22,Fall,0,11,0,2,1,3,0.416667,67.2500282,0.421696,0.9625,0.118792,69,1538,1607,1132394
327,2011-11-23,Fall,0,11,0,3,1,2,0.440833,69.2944718,0.430537,0.757917,0.335825,112,2454,2566,1134960
328,2011-11-24,Fall,0,11,1,4,0,1,0.373333,63.5839718,0.372471,0.549167,0.167304,560,935,1495,1136455
329,2011-11-25,Fall,0,11,0,5,1,1,0.375,63.725,0.380671,0.64375,0.0988958,1095,1697,2792,1139247
330,2011-11-26,Fall,0,11,0,6,0,1,0.375833,63.7954718,0.385087,0.681667,0.0684208,1249,1819,3068,1142315
331,2011-11-27,Fall,0,11,0,0,0,1,0.459167,70.8455282,0.4558,0.698333,0.208954,810,2261,3071,1145386
332,2011-11-28,Fall,0,11,0,1,1,1,0.503478,74.5942388,0.490122,0.743043,0.142122,253,3614,3867,1149253
333,2011-11-29,Fall,0,11,0,2,1,2,0.458333,70.7749718,0.451375,0.830833,0.258092,96,2818,2914,1152167
334,2011-11-30,Fall,0,11,0,3,1,1,0.325,59.495,0.311221,0.613333,0.271158,188,3425,3613,1155780
335,2011-12-01,Fall,0,12,0,4,1,1,0.3125,58.4375,0.305554,0.524583,0.220158,182,3545,3727,1159507
336,2011-12-02,Fall,0,12,0,5,1,1,0.314167,58.5785282,0.331433,0.625833,0.100754,268,3672,3940,1163447
337,2011-12-03,Fall,0,12,0,6,0,1,0.299167,57.3095282,0.310604,0.612917,0.0957833,706,2908,3614,1167061
338,2011-12-04,Fall,0,12,0,0,0,1,0.330833,59.9884718,0.3491,0.775833,0.0839583,634,2851,3485,1170546
339,2011-12-05,Fall,0,12,0,1,1,2,0.385833,64.6414718,0.393925,0.827083,0.0622083,233,3578,3811,1174357
340,2011-12-06,Fall,0,12,0,2,1,3,0.4625,71.1275,0.4564,0.949583,0.232583,126,2468,2594,1176951
341,2011-12-07,Fall,0,12,0,3,1,3,0.41,66.686,0.400246,0.970417,0.266175,50,655,705,1177656
342,2011-12-08,Fall,0,12,0,4,1,1,0.265833,54.4894718,0.256938,0.58,0.240058,150,3172,3322,1180978
343,2011-12-09,Fall,0,12,0,5,1,1,0.290833,56.6044718,0.317542,0.695833,0.0827167,261,3359,3620,1184598
344,2011-12-10,Fall,0,12,0,6,0,1,0.275,55.265,0.266412,0.5075,0.233221,502,2688,3190,1187788
345,2011-12-11,Fall,0,12,0,0,0,1,0.220833,50.6824718,0.253154,0.49,0.0665417,377,2366,2743,1190531
346,2011-12-12,Fall,0,12,0,1,1,1,0.238333,52.1629718,0.270196,0.670833,0.06345,143,3167,3310,1193841
347,2011-12-13,Fall,0,12,0,2,1,1,0.2825,55.8995,0.301138,0.59,0.14055,155,3368,3523,1197364
348,2011-12-14,Fall,0,12,0,3,1,2,0.3175,58.8605,0.338362,0.66375,0.0609583,178,3562,3740,1201104
349,2011-12-15,Fall,0,12,0,4,1,2,0.4225,67.7435,0.412237,0.634167,0.268042,181,3528,3709,1204813
350,2011-12-16,Fall,0,12,0,5,1,2,0.375,63.725,0.359825,0.500417,0.260575,178,3399,3577,1208390
351,2011-12-17,Fall,0,12,0,6,0,2,0.258333,53.8549718,0.249371,0.560833,0.243167,275,2464,2739,1211129
352,2011-12-18,Fall,0,12,0,0,0,1,0.238333,52.1629718,0.245579,0.58625,0.169779,220,2211,2431,1213560
353,2011-12-19,Fall,0,12,0,1,1,1,0.276667,55.4060282,0.280933,0.6375,0.172896,260,3143,3403,1216963
354,2011-12-20,Fall,0,12,0,2,1,2,0.385833,64.6414718,0.396454,0.595417,0.0615708,216,3534,3750,1220713
355,2011-12-21,Winter,0,12,0,3,1,2,0.428333,68.2369718,0.428017,0.858333,0.2214,107,2553,2660,1223373
356,2011-12-22,Winter,0,12,0,4,1,2,0.423333,67.8139718,0.426121,0.7575,0.047275,227,2841,3068,1226441
357,2011-12-23,Winter,0,12,0,5,1,1,0.373333,63.5839718,0.377513,0.68625,0.274246,163,2046,2209,1228650
358,2011-12-24,Winter,0,12,0,6,0,1,0.3025,57.5915,0.299242,0.5425,0.190304,155,856,1011,1229661
359,2011-12-25,Winter,0,12,0,0,0,1,0.274783,55.2466418,0.279961,0.681304,0.155091,303,451,754,1230415
360,2011-12-26,Winter,0,12,1,1,0,1,0.321739,59.2191194,0.315535,0.506957,0.239465,430,887,1317,1231732
361,2011-12-27,Winter,0,12,0,2,1,2,0.325,59.495,0.327633,0.7625,0.18845,103,1059,1162,1232894
362,2011-12-28,Winter,0,12,0,3,1,1,0.29913,57.306398,0.279974,0.503913,0.293961,255,2047,2302,1235196
363,2011-12-29,Winter,0,12,0,4,1,1,0.248333,53.0089718,0.263892,0.574167,0.119412,254,2169,2423,1237619
364,2011-12-30,Winter,0,12,0,5,1,1,0.311667,58.3670282,0.318812,0.636667,0.134337,491,2508,2999,1240618
365,2011-12-31,Winter,0,12,0,6,0,1,0.41,66.686,0.414121,0.615833,0.220154,665,1820,2485,1243103
366,2012-01-01,Winter,1,1,0,0,0,1,0.37,63.302,0.375621,0.6925,0.192167,686,1608,2294,2294
367,2012-01-02,Winter,1,1,1,1,0,1,0.273043,55.0994378,0.252304,0.381304,0.329665,244,1707,1951,4245
368,2012-01-03,Winter,1,1,0,2,1,1,0.15,44.69,0.126275,0.44125,0.365671,89,2147,2236,6481
369,2012-01-04,Winter,1,1,0,3,1,2,0.1075,41.0945,0.119337,0.414583,0.1847,95,2273,2368,8849
370,2012-01-05,Winter,1,1,0,4,1,1,0.265833,54.4894718,0.278412,0.524167,0.129987,140,3132,3272,12121
371,2012-01-06,Winter,1,1,0,5,1,1,0.334167,60.2705282,0.340267,0.542083,0.167908,307,3791,4098,16219
372,2012-01-07,Winter,1,1,0,6,0,1,0.393333,65.2759718,0.390779,0.531667,0.174758,1070,3451,4521,20740
373,2012-01-08,Winter,1,1,0,0,0,1,0.3375,60.5525,0.340258,0.465,0.191542,599,2826,3425,24165
374,2012-01-09,Winter,1,1,0,1,1,2,0.224167,50.9645282,0.247479,0.701667,0.0989,106,2270,2376,26541
375,2012-01-10,Winter,1,1,0,2,1,1,0.308696,58.1156816,0.318826,0.646522,0.187552,173,3425,3598,30139
376,2012-01-11,Winter,1,1,0,3,1,2,0.274167,55.1945282,0.282821,0.8475,0.131221,92,2085,2177,32316
377,2012-01-12,Winter,1,1,0,4,1,2,0.3825,64.3595,0.381938,0.802917,0.180967,269,3828,4097,36413
378,2012-01-13,Winter,1,1,0,5,1,1,0.274167,55.1945282,0.249362,0.5075,0.378108,174,3040,3214,39627
379,2012-01-14,Winter,1,1,0,6,0,1,0.18,47.228,0.183087,0.4575,0.187183,333,2160,2493,42120
380,2012-01-15,Winter,1,1,0,0,0,1,0.166667,46.1000282,0.161625,0.419167,0.251258,284,2027,2311,44431
381,2012-01-16,Winter,1,1,1,1,0,1,0.19,48.074,0.190663,0.5225,0.231358,217,2081,2298,46729
382,2012-01-17,Winter,1,1,0,2,1,2,0.373043,63.5594378,0.364278,0.716087,0.34913,127,2808,2935,49664
383,2012-01-18,Winter,1,1,0,3,1,1,0.303333,57.6619718,0.275254,0.443333,0.415429,109,3267,3376,53040
384,2012-01-19,Winter,1,1,0,4,1,1,0.19,48.074,0.190038,0.4975,0.220158,130,3162,3292,56332
385,2012-01-20,Winter,1,1,0,5,1,2,0.2175,50.4005,0.220958,0.45,0.20275,115,3048,3163,59495
386,2012-01-21,Winter,1,1,0,6,0,2,0.173333,46.6639718,0.174875,0.83125,0.222642,67,1234,1301,60796
387,2012-01-22,Winter,1,1,0,0,0,2,0.1625,45.7475,0.16225,0.79625,0.199638,196,1781,1977,62773
388,2012-01-23,Winter,1,1,0,1,1,2,0.218333,50.4709718,0.243058,0.91125,0.110708,145,2287,2432,65205
389,2012-01-24,Winter,1,1,0,2,1,1,0.3425,60.9755,0.349108,0.835833,0.123767,439,3900,4339,69544
390,2012-01-25,Winter,1,1,0,3,1,1,0.294167,56.8865282,0.294821,0.64375,0.161071,467,3803,4270,73814
391,2012-01-26,Winter,1,1,0,4,1,2,0.341667,60.9050282,0.35605,0.769583,0.0733958,244,3831,4075,77889
392,2012-01-27,Winter,1,1,0,5,1,2,0.425,67.955,0.415383,0.74125,0.342667,269,3187,3456,81345
393,2012-01-28,Winter,1,1,0,6,0,1,0.315833,58.7194718,0.326379,0.543333,0.210829,775,3248,4023,85368
394,2012-01-29,Winter,1,1,0,0,0,1,0.2825,55.8995,0.272721,0.31125,0.24005,558,2685,3243,88611
395,2012-01-30,Winter,1,1,0,1,1,1,0.269167,54.7715282,0.262625,0.400833,0.215792,126,3498,3624,92235
396,2012-01-31,Winter,1,1,0,2,1,1,0.39,64.994,0.381317,0.416667,0.261817,324,4185,4509,96744
397,2012-02-01,Winter,1,2,0,3,1,1,0.469167,71.6915282,0.466538,0.507917,0.189067,304,4275,4579,101323
398,2012-02-02,Winter,1,2,0,4,1,2,0.399167,65.7695282,0.398971,0.672917,0.187187,190,3571,3761,105084
399,2012-02-03,Winter,1,2,0,5,1,1,0.313333,58.5079718,0.309346,0.526667,0.178496,310,3841,4151,109235
400,2012-02-04,Winter,1,2,0,6,0,2,0.264167,54.3485282,0.272725,0.779583,0.121896,384,2448,2832,112067
401,2012-02-05,Winter,1,2,0,0,0,2,0.265833,54.4894718,0.264521,0.687917,0.175996,318,2629,2947,115014
402,2012-02-06,Winter,1,2,0,1,1,1,0.282609,55.9087214,0.296426,0.622174,0.1538,206,3578,3784,118798
403,2012-02-07,Winter,1,2,0,2,1,1,0.354167,61.9625282,0.361104,0.49625,0.147379,199,4176,4375,123173
404,2012-02-08,Winter,1,2,0,3,1,2,0.256667,53.7140282,0.266421,0.722917,0.133721,109,2693,2802,125975
405,2012-02-09,Winter,1,2,0,4,1,1,0.265,54.419,0.261988,0.562083,0.194037,163,3667,3830,129805
406,2012-02-10,Winter,1,2,0,5,1,2,0.280833,55.7584718,0.293558,0.54,0.116929,227,3604,3831,133636
407,2012-02-11,Winter,1,2,0,6,0,3,0.224167,50.9645282,0.210867,0.73125,0.289796,192,1977,2169,135805
408,2012-02-12,Winter,1,2,0,0,0,1,0.1275,42.7865,0.101658,0.464583,0.409212,73,1456,1529,137334
409,2012-02-13,Winter,1,2,0,1,1,1,0.2225,50.8235,0.227913,0.41125,0.167283,94,3328,3422,140756
410,2012-02-14,Winter,1,2,0,2,1,2,0.319167,59.0015282,0.333946,0.50875,0.141179,135,3787,3922,144678
411,2012-02-15,Winter,1,2,0,3,1,1,0.348333,61.4689718,0.351629,0.53125,0.1816,141,4028,4169,148847
412,2012-02-16,Winter,1,2,0,4,1,2,0.316667,58.7900282,0.330162,0.752917,0.091425,74,2931,3005,151852
413,2012-02-17,Winter,1,2,0,5,1,1,0.343333,61.0459718,0.351629,0.634583,0.205846,349,3805,4154,156006
414,2012-02-18,Winter,1,2,0,6,0,1,0.346667,61.3280282,0.355425,0.534583,0.190929,1435,2883,4318,160324
415,2012-02-19,Winter,1,2,0,0,0,2,0.28,55.688,0.265788,0.515833,0.253112,618,2071,2689,163013
416,2012-02-20,Winter,1,2,1,1,0,1,0.28,55.688,0.273391,0.507826,0.229083,502,2627,3129,166142
417,2012-02-21,Winter,1,2,0,2,1,1,0.287826,56.3500796,0.295113,0.594348,0.205717,163,3614,3777,169919
418,2012-02-22,Winter,1,2,0,3,1,1,0.395833,65.4874718,0.392667,0.567917,0.234471,394,4379,4773,174692
419,2012-02-23,Winter,1,2,0,4,1,1,0.454167,70.4225282,0.444446,0.554583,0.190913,516,4546,5062,179754
420,2012-02-24,Winter,1,2,0,5,1,2,0.4075,66.4745,0.410971,0.7375,0.237567,246,3241,3487,183241
421,2012-02-25,Winter,1,2,0,6,0,1,0.290833,56.6044718,0.255675,0.395833,0.421642,317,2415,2732,185973
422,2012-02-26,Winter,1,2,0,0,0,1,0.279167,55.6175282,0.268308,0.41,0.205229,515,2874,3389,189362
423,2012-02-27,Winter,1,2,0,1,1,1,0.366667,63.0200282,0.357954,0.490833,0.268033,253,4069,4322,193684
424,2012-02-28,Winter,1,2,0,2,1,1,0.359167,62.3855282,0.353525,0.395833,0.193417,229,4134,4363,198047
425,2012-02-29,Winter,1,2,0,3,1,2,0.344348,61.1318408,0.34847,0.804783,0.179117,65,1769,1834,199881
426,2012-03-01,Winter,1,3,0,4,1,1,0.485833,73.1014718,0.475371,0.615417,0.226987,325,4665,4990,204871
427,2012-03-02,Winter,1,3,0,5,1,2,0.353333,61.8919718,0.359842,0.657083,0.144904,246,2948,3194,208065
428,2012-03-03,Winter,1,3,0,6,0,2,0.414167,67.0385282,0.413492,0.62125,0.161079,956,3110,4066,212131
429,2012-03-04,Winter,1,3,0,0,0,1,0.325833,59.5654718,0.303021,0.403333,0.334571,710,2713,3423,215554
430,2012-03-05,Winter,1,3,0,1,1,1,0.243333,52.5859718,0.241171,0.50625,0.228858,203,3130,3333,218887
431,2012-03-06,Winter,1,3,0,2,1,1,0.258333,53.8549718,0.255042,0.456667,0.200875,221,3735,3956,222843
432,2012-03-07,Winter,1,3,0,3,1,1,0.404167,66.1925282,0.3851,0.513333,0.345779,432,4484,4916,227759
433,2012-03-08,Winter,1,3,0,4,1,1,0.5275,76.6265,0.524604,0.5675,0.441563,486,4896,5382,233141
434,2012-03-09,Winter,1,3,0,5,1,2,0.410833,66.7564718,0.397083,0.407083,0.4148,447,4122,4569,237710
435,2012-03-10,Winter,1,3,0,6,0,1,0.2875,56.3225,0.277767,0.350417,0.22575,968,3150,4118,241828
436,2012-03-11,Winter,1,3,0,0,0,1,0.361739,62.6031194,0.35967,0.476957,0.222587,1658,3253,4911,246739
437,2012-03-12,Winter,1,3,0,1,1,1,0.466667,71.4800282,0.459592,0.489167,0.207713,838,4460,5298,252037
438,2012-03-13,Winter,1,3,0,2,1,1,0.565,79.799,0.542929,0.6175,0.23695,762,5085,5847,257884
439,2012-03-14,Winter,1,3,0,3,1,1,0.5725,80.4335,0.548617,0.507083,0.115062,997,5315,6312,264196
440,2012-03-15,Winter,1,3,0,4,1,1,0.5575,79.1645,0.532825,0.579583,0.149883,1005,5187,6192,270388
441,2012-03-16,Winter,1,3,0,5,1,2,0.435833,68.8714718,0.436229,0.842083,0.113192,548,3830,4378,274766
442,2012-03-17,Winter,1,3,0,6,0,2,0.514167,75.4985282,0.505046,0.755833,0.110704,3155,4681,7836,282602
443,2012-03-18,Winter,1,3,0,0,0,2,0.4725,71.9735,0.464,0.81,0.126883,2207,3685,5892,288494
444,2012-03-19,Winter,1,3,0,1,1,1,0.545,78.107,0.532821,0.72875,0.162317,982,5171,6153,294647
445,2012-03-20,Winter,1,3,0,2,1,1,0.560833,79.4464718,0.538533,0.807917,0.121271,1051,5042,6093,300740
446,2012-03-21,Spring,1,3,0,3,1,2,0.531667,76.9790282,0.513258,0.82125,0.0895583,1122,5108,6230,306970
447,2012-03-22,Spring,1,3,0,4,1,1,0.554167,78.8825282,0.531567,0.83125,0.117562,1334,5537,6871,313841
448,2012-03-23,Spring,1,3,0,5,1,2,0.601667,82.9010282,0.570067,0.694167,0.1163,2469,5893,8362,322203
449,2012-03-24,Spring,1,3,0,6,0,2,0.5025,74.5115,0.486733,0.885417,0.192783,1033,2339,3372,325575
450,2012-03-25,Spring,1,3,0,0,0,2,0.4375,69.0125,0.437488,0.880833,0.220775,1532,3464,4996,330571
451,2012-03-26,Spring,1,3,0,1,1,1,0.445833,69.7174718,0.43875,0.477917,0.386821,795,4763,5558,336129
452,2012-03-27,Spring,1,3,0,2,1,1,0.323333,59.3539718,0.315654,0.29,0.187192,531,4571,5102,341231
453,2012-03-28,Spring,1,3,0,3,1,1,0.484167,72.9605282,0.47095,0.48125,0.291671,674,5024,5698,346929
454,2012-03-29,Spring,1,3,0,4,1,1,0.494167,73.8065282,0.482304,0.439167,0.31965,834,5299,6133,353062
455,2012-03-30,Spring,1,3,0,5,1,2,0.37,63.302,0.375621,0.580833,0.138067,796,4663,5459,358521
456,2012-03-31,Spring,1,3,0,6,0,2,0.424167,67.8845282,0.421708,0.738333,0.250617,2301,3934,6235,364756
457,2012-04-01,Spring,1,4,0,0,0,2,0.425833,68.0254718,0.417287,0.67625,0.172267,2347,3694,6041,370797
458,2012-04-02,Spring,1,4,0,1,1,1,0.433913,68.7090398,0.427513,0.504348,0.312139,1208,4728,5936,376733
459,2012-04-03,Spring,1,4,0,2,1,1,0.466667,71.4800282,0.461483,0.396667,0.100133,1348,5424,6772,383505
460,2012-04-04,Spring,1,4,0,3,1,1,0.541667,77.8250282,0.53345,0.469583,0.180975,1058,5378,6436,389941
461,2012-04-05,Spring,1,4,0,4,1,1,0.435,68.801,0.431163,0.374167,0.219529,1192,5265,6457,396398
462,2012-04-06,Spring,1,4,0,5,1,1,0.403333,66.1219718,0.390767,0.377083,0.300388,1807,4653,6460,402858
463,2012-04-07,Spring,1,4,0,6,0,1,0.4375,69.0125,0.426129,0.254167,0.274871,3252,3605,6857,409715
464,2012-04-08,Spring,1,4,0,0,0,1,0.5,74.3,0.492425,0.275833,0.232596,2230,2939,5169,414884
465,2012-04-09,Spring,1,4,0,1,1,1,0.489167,73.3835282,0.476638,0.3175,0.358196,905,4680,5585,420469
466,2012-04-10,Spring,1,4,0,2,1,1,0.446667,69.7880282,0.436233,0.435,0.249375,819,5099,5918,426387
467,2012-04-11,Spring,1,4,0,3,1,1,0.348696,61.4996816,0.337274,0.469565,0.295274,482,4380,4862,431249
468,2012-04-12,Spring,1,4,0,4,1,1,0.3975,65.6285,0.387604,0.46625,0.290429,663,4746,5409,436658
469,2012-04-13,Spring,1,4,0,5,1,1,0.4425,69.4355,0.431808,0.408333,0.155471,1252,5146,6398,443056
470,2012-04-14,Spring,1,4,0,6,0,1,0.495,73.877,0.487996,0.502917,0.190917,2795,4665,7460,450516
471,2012-04-15,Spring,1,4,0,0,0,1,0.606667,83.3240282,0.573875,0.507917,0.225129,2846,4286,7132,457648
472,2012-04-16,Spring,1,4,1,1,0,1,0.664167,88.1885282,0.614925,0.561667,0.284829,1198,5172,6370,464018
473,2012-04-17,Spring,1,4,0,2,1,1,0.608333,83.4649718,0.598487,0.390417,0.273629,989,5702,6691,470709
474,2012-04-18,Spring,1,4,0,3,1,2,0.463333,71.1979718,0.457038,0.569167,0.167912,347,4020,4367,475076
475,2012-04-19,Spring,1,4,0,4,1,1,0.498333,74.1589718,0.493046,0.6125,0.0659292,846,5719,6565,481641
476,2012-04-20,Spring,1,4,0,5,1,1,0.526667,76.5560282,0.515775,0.694583,0.149871,1340,5950,7290,488931
477,2012-04-21,Spring,1,4,0,6,0,1,0.57,80.222,0.542921,0.682917,0.283587,2541,4083,6624,495555
478,2012-04-22,Spring,1,4,0,0,0,3,0.396667,65.5580282,0.389504,0.835417,0.344546,120,907,1027,496582
479,2012-04-23,Spring,1,4,0,1,1,2,0.321667,59.2130282,0.301125,0.766667,0.303496,195,3019,3214,499796
480,2012-04-24,Spring,1,4,0,2,1,1,0.413333,66.9679718,0.405283,0.454167,0.249383,518,5115,5633,505429
481,2012-04-25,Spring,1,4,0,3,1,1,0.476667,72.3260282,0.470317,0.427917,0.118792,655,5541,6196,511625
482,2012-04-26,Spring,1,4,0,4,1,2,0.498333,74.1589718,0.483583,0.756667,0.176625,475,4551,5026,516651
483,2012-04-27,Spring,1,4,0,5,1,1,0.4575,70.7045,0.452637,0.400833,0.347633,1014,5219,6233,522884
484,2012-04-28,Spring,1,4,0,6,0,2,0.376667,63.8660282,0.377504,0.489583,0.129975,1120,3100,4220,527104
485,2012-04-29,Spring,1,4,0,0,0,1,0.458333,70.7749718,0.450121,0.587083,0.116908,2229,4075,6304,533408
486,2012-04-30,Spring,1,4,0,1,1,2,0.464167,71.2685282,0.457696,0.57,0.171638,665,4907,5572,538980
487,2012-05-01,Spring,1,5,0,2,1,2,0.613333,83.8879718,0.577021,0.659583,0.156096,653,5087,5740,544720
488,2012-05-02,Spring,1,5,0,3,1,1,0.564167,79.7285282,0.537896,0.797083,0.138058,667,5502,6169,550889
489,2012-05-03,Spring,1,5,0,4,1,2,0.56,79.376,0.537242,0.768333,0.133696,764,5657,6421,557310
490,2012-05-04,Spring,1,5,0,5,1,1,0.6275,85.0865,0.590917,0.735417,0.162938,1069,5227,6296,563606
491,2012-05-05,Spring,1,5,0,6,0,2,0.621667,84.5930282,0.584608,0.756667,0.152992,2496,4387,6883,570489
492,2012-05-06,Spring,1,5,0,0,0,2,0.5625,79.5875,0.546737,0.74,0.149879,2135,4224,6359,576848
493,2012-05-07,Spring,1,5,0,1,1,2,0.5375,77.4725,0.527142,0.664167,0.230721,1008,5265,6273,583121
494,2012-05-08,Spring,1,5,0,2,1,2,0.581667,81.2090282,0.557471,0.685833,0.296029,738,4990,5728,588849
495,2012-05-09,Spring,1,5,0,3,1,2,0.575,80.645,0.553025,0.744167,0.216412,620,4097,4717,593566
496,2012-05-10,Spring,1,5,0,4,1,1,0.505833,74.7934718,0.491783,0.552083,0.314063,1026,5546,6572,600138
497,2012-05-11,Spring,1,5,0,5,1,1,0.533333,77.1199718,0.520833,0.360417,0.236937,1319,5711,7030,607168
498,2012-05-12,Spring,1,5,0,6,0,1,0.564167,79.7285282,0.544817,0.480417,0.123133,2622,4807,7429,614597
499,2012-05-13,Spring,1,5,0,0,0,1,0.6125,83.8175,0.585238,0.57625,0.225117,2172,3946,6118,620715
500,2012-05-14,Spring,1,5,0,1,1,2,0.573333,80.5039718,0.5499,0.789583,0.212692,342,2501,2843,623558
501,2012-05-15,Spring,1,5,0,2,1,2,0.611667,83.7470282,0.576404,0.794583,0.147392,625,4490,5115,628673
502,2012-05-16,Spring,1,5,0,3,1,1,0.636667,85.8620282,0.595975,0.697917,0.122512,991,6433,7424,636097
503,2012-05-17,Spring,1,5,0,4,1,1,0.593333,82.1959718,0.572613,0.52,0.229475,1242,6142,7384,643481
504,2012-05-18,Spring,1,5,0,5,1,1,0.564167,79.7285282,0.551121,0.523333,0.136817,1521,6118,7639,651120
505,2012-05-19,Spring,1,5,0,6,0,1,0.6,82.76,0.566908,0.45625,0.083975,3410,4884,8294,659414
506,2012-05-20,Spring,1,5,0,0,0,1,0.620833,84.5224718,0.583967,0.530417,0.254367,2704,4425,7129,666543
507,2012-05-21,Spring,1,5,0,1,1,2,0.598333,82.6189718,0.565667,0.81125,0.233204,630,3729,4359,670902
508,2012-05-22,Spring,1,5,0,2,1,2,0.615,84.029,0.580825,0.765833,0.118167,819,5254,6073,676975
509,2012-05-23,Spring,1,5,0,3,1,2,0.621667,84.5930282,0.584612,0.774583,0.102,766,4494,5260,682235
510,2012-05-24,Spring,1,5,0,4,1,1,0.655,87.413,0.6067,0.716667,0.172896,1059,5711,6770,689005
511,2012-05-25,Spring,1,5,0,5,1,1,0.68,89.528,0.627529,0.747083,0.14055,1417,5317,6734,695739
512,2012-05-26,Spring,1,5,0,6,0,1,0.6925,90.5855,0.642696,0.7325,0.198992,2855,3681,6536,702275
513,2012-05-27,Spring,1,5,0,0,0,1,0.69,90.374,0.641425,0.697083,0.215171,3283,3308,6591,708866
514,2012-05-28,Spring,1,5,1,1,0,1,0.7125,92.2775,0.6793,0.67625,0.196521,2557,3486,6043,714909
515,2012-05-29,Spring,1,5,0,2,1,1,0.7225,93.1235,0.672992,0.684583,0.2954,880,4863,5743,720652
516,2012-05-30,Spring,1,5,0,3,1,2,0.656667,87.5540282,0.611129,0.67,0.134329,745,6110,6855,727507
517,2012-05-31,Spring,1,5,0,4,1,1,0.68,89.528,0.631329,0.492917,0.195279,1100,6238,7338,734845
518,2012-06-01,Spring,1,6,0,5,1,2,0.654167,87.3425282,0.607962,0.755417,0.237563,533,3594,4127,738972
519,2012-06-02,Spring,1,6,0,6,0,1,0.583333,81.3499718,0.566288,0.549167,0.186562,2795,5325,8120,747092
520,2012-06-03,Spring,1,6,0,0,0,1,0.6025,82.9715,0.575133,0.493333,0.184087,2494,5147,7641,754733
521,2012-06-04,Spring,1,6,0,1,1,1,0.5975,82.5485,0.578283,0.487083,0.284833,1071,5927,6998,761731
522,2012-06-05,Spring,1,6,0,2,1,2,0.540833,77.7544718,0.525892,0.613333,0.209575,968,6033,7001,768732
523,2012-06-06,Spring,1,6,0,3,1,1,0.554167,78.8825282,0.542292,0.61125,0.077125,1027,6028,7055,775787
524,2012-06-07,Spring,1,6,0,4,1,1,0.6025,82.9715,0.569442,0.567083,0.15735,1038,6456,7494,783281
525,2012-06-08,Spring,1,6,0,5,1,1,0.649167,86.9195282,0.597862,0.467917,0.175383,1488,6248,7736,791017
526,2012-06-09,Spring,1,6,0,6,0,1,0.710833,92.1364718,0.648367,0.437083,0.144287,2708,4790,7498,798515
527,2012-06-10,Spring,1,6,0,0,0,1,0.726667,93.4760282,0.663517,0.538333,0.133721,2224,4374,6598,805113
528,2012-06-11,Spring,1,6,0,1,1,2,0.720833,92.9824718,0.659721,0.587917,0.207713,1017,5647,6664,811777
529,2012-06-12,Spring,1,6,0,2,1,2,0.653333,87.2719718,0.597875,0.833333,0.214546,477,4495,4972,816749
530,2012-06-13,Spring,1,6,0,3,1,1,0.655833,87.4834718,0.611117,0.582083,0.343279,1173,6248,7421,824170
531,2012-06-14,Spring,1,6,0,4,1,1,0.648333,86.8489718,0.624383,0.569583,0.253733,1180,6183,7363,831533
532,2012-06-15,Spring,1,6,0,5,1,1,0.639167,86.0735282,0.599754,0.589583,0.176617,1563,6102,7665,839198
533,2012-06-16,Spring,1,6,0,6,0,1,0.631667,85.4390282,0.594708,0.504167,0.166667,2963,4739,7702,846900
534,2012-06-17,Spring,1,6,0,0,0,1,0.5925,82.1255,0.571975,0.59875,0.144904,2634,4344,6978,853878
535,2012-06-18,Spring,1,6,0,1,1,2,0.568333,80.0809718,0.544842,0.777917,0.174746,653,4446,5099,858977
536,2012-06-19,Spring,1,6,0,2,1,1,0.688333,90.2329718,0.654692,0.69,0.148017,968,5857,6825,865802
537,2012-06-20,Spring,1,6,0,3,1,1,0.7825,98.1995,0.720975,0.592083,0.113812,872,5339,6211,872013
538,2012-06-21,Summer,1,6,0,4,1,1,0.805833,100.1734718,0.752542,0.567917,0.118787,778,5127,5905,877918
539,2012-06-22,Summer,1,6,0,5,1,1,0.7775,97.7765,0.724121,0.57375,0.182842,964,4859,5823,883741
540,2012-06-23,Summer,1,6,0,6,0,1,0.731667,93.8990282,0.652792,0.534583,0.179721,2657,4801,7458,891199
541,2012-06-24,Summer,1,6,0,0,0,1,0.743333,94.8859718,0.674254,0.479167,0.145525,2551,4340,6891,898090
542,2012-06-25,Summer,1,6,0,1,1,1,0.715833,92.5594718,0.654042,0.504167,0.300383,1139,5640,6779,904869
543,2012-06-26,Summer,1,6,0,2,1,1,0.630833,85.3684718,0.594704,0.373333,0.347642,1077,6365,7442,912311
544,2012-06-27,Summer,1,6,0,3,1,1,0.6975,91.0085,0.640792,0.36,0.271775,1077,6258,7335,919646
545,2012-06-28,Summer,1,6,0,4,1,1,0.749167,95.3795282,0.675512,0.4225,0.17165,921,5958,6879,926525
546,2012-06-29,Summer,1,6,0,5,1,1,0.834167,102.5705282,0.786613,0.48875,0.165417,829,4634,5463,931988
547,2012-06-30,Summer,1,6,0,6,0,1,0.765,96.719,0.687508,0.60125,0.161071,1455,4232,5687,937675
548,2012-07-01,Summer,1,7,0,0,0,1,0.815833,101.0194718,0.750629,0.51875,0.168529,1421,4110,5531,943206
549,2012-07-02,Summer,1,7,0,1,1,1,0.781667,98.1290282,0.702038,0.447083,0.195267,904,5323,6227,949433
550,2012-07-03,Summer,1,7,0,2,1,1,0.780833,98.0584718,0.70265,0.492083,0.126237,1052,5608,6660,956093
551,2012-07-04,Summer,1,7,1,3,0,1,0.789167,98.7635282,0.732337,0.53875,0.13495,2562,4841,7403,963496
552,2012-07-05,Summer,1,7,0,4,1,1,0.8275,102.0065,0.761367,0.457917,0.194029,1405,4836,6241,969737
553,2012-07-06,Summer,1,7,0,5,1,1,0.828333,102.0769718,0.752533,0.450833,0.146142,1366,4841,6207,975944
554,2012-07-07,Summer,1,7,0,6,0,1,0.861667,104.8970282,0.804913,0.492083,0.163554,1448,3392,4840,980784
555,2012-07-08,Summer,1,7,0,0,0,1,0.8225,101.5835,0.790396,0.57375,0.125629,1203,3469,4672,985456
556,2012-07-09,Summer,1,7,0,1,1,2,0.710833,92.1364718,0.654054,0.683333,0.180975,998,5571,6569,992025
557,2012-07-10,Summer,1,7,0,2,1,2,0.720833,92.9824718,0.664796,0.6675,0.151737,954,5336,6290,998315
558,2012-07-11,Summer,1,7,0,3,1,1,0.716667,92.6300282,0.650271,0.633333,0.151733,975,6289,7264,1005579
559,2012-07-12,Summer,1,7,0,4,1,1,0.715833,92.5594718,0.654683,0.529583,0.146775,1032,6414,7446,1013025
560,2012-07-13,Summer,1,7,0,5,1,2,0.731667,93.8990282,0.667933,0.485833,0.08085,1511,5988,7499,1020524
561,2012-07-14,Summer,1,7,0,6,0,2,0.703333,91.5019718,0.666042,0.699167,0.143679,2355,4614,6969,1027493
562,2012-07-15,Summer,1,7,0,0,0,1,0.745833,95.0974718,0.705196,0.717917,0.166667,1920,4111,6031,1033524
563,2012-07-16,Summer,1,7,0,1,1,1,0.763333,96.5779718,0.724125,0.645,0.164187,1088,5742,6830,1040354
564,2012-07-17,Summer,1,7,0,2,1,1,0.818333,101.2309718,0.755683,0.505833,0.114429,921,5865,6786,1047140
565,2012-07-18,Summer,1,7,0,3,1,1,0.793333,99.1159718,0.745583,0.577083,0.137442,799,4914,5713,1052853
566,2012-07-19,Summer,1,7,0,4,1,1,0.77,97.142,0.714642,0.600417,0.165429,888,5703,6591,1059444
567,2012-07-20,Summer,1,7,0,5,1,2,0.665833,88.3294718,0.613025,0.844167,0.208967,747,5123,5870,1065314
568,2012-07-21,Summer,1,7,0,6,0,3,0.595833,82.4074718,0.549912,0.865417,0.2133,1264,3195,4459,1069773
569,2012-07-22,Summer,1,7,0,0,0,2,0.6675,88.4705,0.623125,0.7625,0.0939208,2544,4866,7410,1077183
570,2012-07-23,Summer,1,7,0,1,1,1,0.741667,94.7450282,0.690017,0.694167,0.138683,1135,5831,6966,1084149
571,2012-07-24,Summer,1,7,0,2,1,1,0.750833,95.5204718,0.70645,0.655,0.211454,1140,6452,7592,1091741
572,2012-07-25,Summer,1,7,0,3,1,1,0.724167,93.2645282,0.654054,0.45,0.1648,1383,6790,8173,1099914
573,2012-07-26,Summer,1,7,0,4,1,1,0.776667,97.7060282,0.739263,0.596667,0.284813,1036,5825,6861,1106775
574,2012-07-27,Summer,1,7,0,5,1,1,0.781667,98.1290282,0.734217,0.594583,0.152992,1259,5645,6904,1113679
575,2012-07-28,Summer,1,7,0,6,0,1,0.755833,95.9434718,0.697604,0.613333,0.15735,2234,4451,6685,1120364
576,2012-07-29,Summer,1,7,0,0,0,1,0.721667,93.0530282,0.667933,0.62375,0.170396,2153,4444,6597,1126961
577,2012-07-30,Summer,1,7,0,1,1,1,0.730833,93.8284718,0.684987,0.66875,0.153617,1040,6065,7105,1134066
578,2012-07-31,Summer,1,7,0,2,1,1,0.713333,92.3479718,0.662896,0.704167,0.165425,968,6248,7216,1141282
579,2012-08-01,Summer,1,8,0,3,1,1,0.7175,92.7005,0.667308,0.6775,0.141179,1074,6506,7580,1148862
580,2012-08-02,Summer,1,8,0,4,1,1,0.7525,95.6615,0.707088,0.659583,0.129354,983,6278,7261,1156123
581,2012-08-03,Summer,1,8,0,5,1,2,0.765833,96.7894718,0.722867,0.6425,0.215792,1328,5847,7175,1163298
582,2012-08-04,Summer,1,8,0,6,0,1,0.793333,99.1159718,0.751267,0.613333,0.257458,2345,4479,6824,1170122
583,2012-08-05,Summer,1,8,0,0,0,1,0.769167,97.0715282,0.731079,0.6525,0.290421,1707,3757,5464,1175586
584,2012-08-06,Summer,1,8,0,1,1,2,0.7525,95.6615,0.710246,0.654167,0.129354,1233,5780,7013,1182599
585,2012-08-07,Summer,1,8,0,2,1,2,0.735833,94.2514718,0.697621,0.70375,0.116908,1278,5995,7273,1189872
586,2012-08-08,Summer,1,8,0,3,1,2,0.75,95.45,0.707717,0.672917,0.1107,1263,6271,7534,1197406
587,2012-08-09,Summer,1,8,0,4,1,1,0.755833,95.9434718,0.699508,0.620417,0.1561,1196,6090,7286,1204692
588,2012-08-10,Summer,1,8,0,5,1,2,0.715833,92.5594718,0.667942,0.715833,0.238813,1065,4721,5786,1210478
589,2012-08-11,Summer,1,8,0,6,0,2,0.6925,90.5855,0.638267,0.732917,0.206479,2247,4052,6299,1216777
590,2012-08-12,Summer,1,8,0,0,0,1,0.700833,91.2904718,0.644579,0.530417,0.122512,2182,4362,6544,1223321
591,2012-08-13,Summer,1,8,0,1,1,1,0.720833,92.9824718,0.662254,0.545417,0.136212,1207,5676,6883,1230204
592,2012-08-14,Summer,1,8,0,2,1,1,0.726667,93.4760282,0.676779,0.686667,0.169158,1128,5656,6784,1236988
593,2012-08-15,Summer,1,8,0,3,1,1,0.706667,91.7840282,0.654037,0.619583,0.169771,1198,6149,7347,1244335
594,2012-08-16,Summer,1,8,0,4,1,1,0.719167,92.8415282,0.654688,0.519167,0.141796,1338,6267,7605,1251940
595,2012-08-17,Summer,1,8,0,5,1,1,0.723333,93.1939718,0.2424,0.570833,0.231354,1483,5665,7148,1259088
596,2012-08-18,Summer,1,8,0,6,0,1,0.678333,89.3869718,0.618071,0.603333,0.177867,2827,5038,7865,1266953
597,2012-08-19,Summer,1,8,0,0,0,2,0.635833,85.7914718,0.603554,0.711667,0.08645,1208,3341,4549,1271502
598,2012-08-20,Summer,1,8,0,1,1,2,0.635833,85.7914718,0.595967,0.734167,0.129979,1026,5504,6530,1278032
599,2012-08-21,Summer,1,8,0,2,1,1,0.649167,86.9195282,0.601025,0.67375,0.0727708,1081,5925,7006,1285038
600,2012-08-22,Summer,1,8,0,3,1,1,0.6675,88.4705,0.621854,0.677083,0.0702833,1094,6281,7375,1292413
601,2012-08-23,Summer,1,8,0,4,1,1,0.695833,90.8674718,0.637008,0.635833,0.0845958,1363,6402,7765,1300178
602,2012-08-24,Summer,1,8,0,5,1,2,0.7025,91.4315,0.6471,0.615,0.0721458,1325,6257,7582,1307760
603,2012-08-25,Summer,1,8,0,6,0,2,0.661667,87.9770282,0.618696,0.712917,0.244408,1829,4224,6053,1313813
604,2012-08-26,Summer,1,8,0,0,0,2,0.653333,87.2719718,0.595996,0.845833,0.228858,1483,3772,5255,1319068
605,2012-08-27,Summer,1,8,0,1,1,1,0.703333,91.5019718,0.654688,0.730417,0.128733,989,5928,6917,1325985
606,2012-08-28,Summer,1,8,0,2,1,1,0.728333,93.6169718,0.66605,0.62,0.190925,935,6105,7040,1333025
607,2012-08-29,Summer,1,8,0,3,1,1,0.685,89.951,0.635733,0.552083,0.112562,1177,6520,7697,1340722
608,2012-08-30,Summer,1,8,0,4,1,1,0.706667,91.7840282,0.652779,0.590417,0.0771167,1172,6541,7713,1348435
609,2012-08-31,Summer,1,8,0,5,1,1,0.764167,96.6485282,0.6894,0.5875,0.168533,1433,5917,7350,1355785
610,2012-09-01,Summer,1,9,0,6,0,2,0.753333,95.7319718,0.702654,0.638333,0.113187,2352,3788,6140,1361925
611,2012-09-02,Summer,1,9,0,0,0,2,0.696667,90.9380282,0.649,0.815,0.0640708,2613,3197,5810,1367735
612,2012-09-03,Summer,1,9,1,1,0,1,0.7075,91.8545,0.661629,0.790833,0.151121,1965,4069,6034,1373769
613,2012-09-04,Summer,1,9,0,2,1,1,0.725833,93.4054718,0.686888,0.755,0.236321,867,5997,6864,1380633
614,2012-09-05,Summer,1,9,0,3,1,1,0.736667,94.3220282,0.708983,0.74125,0.187808,832,6280,7112,1387745
615,2012-09-06,Summer,1,9,0,4,1,2,0.696667,90.9380282,0.655329,0.810417,0.142421,611,5592,6203,1393948
616,2012-09-07,Summer,1,9,0,5,1,1,0.703333,91.5019718,0.657204,0.73625,0.171646,1045,6459,7504,1401452
617,2012-09-08,Summer,1,9,0,6,0,2,0.659167,87.7655282,0.611121,0.799167,0.281104,1557,4419,5976,1407428
618,2012-09-09,Summer,1,9,0,0,0,1,0.61,83.606,0.578925,0.5475,0.224496,2570,5657,8227,1415655
619,2012-09-10,Summer,1,9,0,1,1,1,0.583333,81.3499718,0.565654,0.50375,0.258713,1118,6407,7525,1423180
620,2012-09-11,Summer,1,9,0,2,1,1,0.5775,80.8565,0.554292,0.52,0.0920542,1070,6697,7767,1430947
621,2012-09-12,Summer,1,9,0,3,1,1,0.599167,82.6895282,0.570075,0.577083,0.131846,1050,6820,7870,1438817
622,2012-09-13,Summer,1,9,0,4,1,1,0.6125,83.8175,0.579558,0.637083,0.0827208,1054,6750,7804,1446621
623,2012-09-14,Summer,1,9,0,5,1,1,0.633333,85.5799718,0.594083,0.6725,0.103863,1379,6630,8009,1454630
624,2012-09-15,Summer,1,9,0,6,0,1,0.608333,83.4649718,0.585867,0.501667,0.247521,3160,5554,8714,1463344
625,2012-09-16,Summer,1,9,0,0,0,1,0.58,81.068,0.563125,0.57,0.0901833,2166,5167,7333,1470677
626,2012-09-17,Summer,1,9,0,1,1,2,0.580833,81.1384718,0.55305,0.734583,0.151742,1022,5847,6869,1477546
627,2012-09-18,Summer,1,9,0,2,1,2,0.623333,84.7339718,0.565067,0.8725,0.357587,371,3702,4073,1481619
628,2012-09-19,Summer,1,9,0,3,1,1,0.5525,78.7415,0.540404,0.536667,0.215175,788,6803,7591,1489210
629,2012-09-20,Summer,1,9,0,4,1,1,0.546667,78.2480282,0.532192,0.618333,0.118167,939,6781,7720,1496930
630,2012-09-21,Summer,1,9,0,5,1,1,0.599167,82.6895282,0.571971,0.66875,0.154229,1250,6917,8167,1505097
631,2012-09-22,Summer,1,9,0,6,0,1,0.65,86.99,0.610488,0.646667,0.283583,2512,5883,8395,1513492
632,2012-09-23,Fall,1,9,0,0,0,1,0.529167,76.7675282,0.518933,0.467083,0.223258,2454,5453,7907,1521399
633,2012-09-24,Fall,1,9,0,1,1,1,0.514167,75.4985282,0.502513,0.492917,0.142404,1001,6435,7436,1528835
634,2012-09-25,Fall,1,9,0,2,1,1,0.55,78.53,0.544179,0.57,0.236321,845,6693,7538,1536373
635,2012-09-26,Fall,1,9,0,3,1,1,0.635,85.721,0.596613,0.630833,0.2444,787,6946,7733,1544106
636,2012-09-27,Fall,1,9,0,4,1,2,0.65,86.99,0.607975,0.690833,0.134342,751,6642,7393,1551499
637,2012-09-28,Fall,1,9,0,5,1,2,0.619167,84.3815282,0.585863,0.69,0.164179,1045,6370,7415,1558914
638,2012-09-29,Fall,1,9,0,6,0,1,0.5425,77.8955,0.530296,0.542917,0.227604,2589,5966,8555,1567469
639,2012-09-30,Fall,1,9,0,0,0,1,0.526667,76.5560282,0.517663,0.583333,0.134958,2015,4874,6889,1574358
640,2012-10-01,Fall,1,10,0,1,1,2,0.520833,76.0624718,0.512,0.649167,0.0908042,763,6015,6778,1581136
641,2012-10-02,Fall,1,10,0,2,1,3,0.590833,81.9844718,0.542333,0.871667,0.104475,315,4324,4639,1585775
642,2012-10-03,Fall,1,10,0,3,1,2,0.6575,87.6245,0.599133,0.79375,0.0665458,728,6844,7572,1593347
643,2012-10-04,Fall,1,10,0,4,1,2,0.6575,87.6245,0.607975,0.722917,0.117546,891,6437,7328,1600675
644,2012-10-05,Fall,1,10,0,5,1,1,0.615,84.029,0.580187,0.6275,0.10635,1516,6640,8156,1608831
645,2012-10-06,Fall,1,10,0,6,0,1,0.554167,78.8825282,0.538521,0.664167,0.268025,3031,4934,7965,1616796
646,2012-10-07,Fall,1,10,0,0,0,2,0.415833,67.1794718,0.419813,0.708333,0.141162,781,2729,3510,1620306
647,2012-10-08,Fall,1,10,1,1,0,2,0.383333,64.4299718,0.387608,0.709583,0.189679,874,4604,5478,1625784
648,2012-10-09,Fall,1,10,0,2,1,2,0.446667,69.7880282,0.438112,0.761667,0.1903,601,5791,6392,1632176
649,2012-10-10,Fall,1,10,0,3,1,1,0.514167,75.4985282,0.503142,0.630833,0.187821,780,6911,7691,1639867
650,2012-10-11,Fall,1,10,0,4,1,1,0.435,68.801,0.431167,0.463333,0.181596,834,6736,7570,1647437
651,2012-10-12,Fall,1,10,0,5,1,1,0.4375,69.0125,0.433071,0.539167,0.235092,1060,6222,7282,1654719
652,2012-10-13,Fall,1,10,0,6,0,1,0.393333,65.2759718,0.391396,0.494583,0.146142,2252,4857,7109,1661828
653,2012-10-14,Fall,1,10,0,0,0,1,0.521667,76.1330282,0.508204,0.640417,0.278612,2080,4559,6639,1668467
654,2012-10-15,Fall,1,10,0,1,1,2,0.561667,79.5170282,0.53915,0.7075,0.296037,760,5115,5875,1674342
655,2012-10-16,Fall,1,10,0,2,1,1,0.468333,71.6209718,0.460846,0.558333,0.182221,922,6612,7534,1681876
656,2012-10-17,Fall,1,10,0,3,1,1,0.455833,70.5634718,0.450108,0.692917,0.101371,979,6482,7461,1689337
657,2012-10-18,Fall,1,10,0,4,1,2,0.5225,76.2035,0.512625,0.728333,0.236937,1008,6501,7509,1696846
658,2012-10-19,Fall,1,10,0,5,1,2,0.563333,79.6579718,0.537896,0.815,0.134954,753,4671,5424,1702270
659,2012-10-20,Fall,1,10,0,6,0,1,0.484167,72.9605282,0.472842,0.572917,0.117537,2806,5284,8090,1710360
660,2012-10-21,Fall,1,10,0,0,0,1,0.464167,71.2685282,0.456429,0.51,0.166054,2132,4692,6824,1717184
661,2012-10-22,Fall,1,10,0,1,1,1,0.4875,73.2425,0.482942,0.568333,0.0814833,830,6228,7058,1724242
662,2012-10-23,Fall,1,10,0,2,1,1,0.544167,78.0365282,0.530304,0.641667,0.0945458,841,6625,7466,1731708
663,2012-10-24,Fall,1,10,0,3,1,1,0.5875,81.7025,0.558721,0.63625,0.0727792,795,6898,7693,1739401
664,2012-10-25,Fall,1,10,0,4,1,2,0.55,78.53,0.529688,0.800417,0.124375,875,6484,7359,1746760
665,2012-10-26,Fall,1,10,0,5,1,2,0.545833,78.1774718,0.52275,0.807083,0.132467,1182,6262,7444,1754204
666,2012-10-27,Fall,1,10,0,6,0,2,0.53,76.838,0.515133,0.72,0.235692,2643,5209,7852,1762056
667,2012-10-28,Fall,1,10,0,0,0,2,0.4775,72.3965,0.467771,0.694583,0.398008,998,3461,4459,1766515
668,2012-10-29,Fall,1,10,0,1,1,3,0.44,69.224,0.4394,0.88,0.3582,2,20,22,1766537
669,2012-10-30,Fall,1,10,0,2,1,2,0.318182,58.9181972,0.309909,0.825455,0.213009,87,1009,1096,1767633
670,2012-10-31,Fall,1,10,0,3,1,2,0.3575,62.2445,0.3611,0.666667,0.166667,419,5147,5566,1773199
671,2012-11-01,Fall,1,11,0,4,1,2,0.365833,62.9494718,0.369942,0.581667,0.157346,466,5520,5986,1779185
672,2012-11-02,Fall,1,11,0,5,1,1,0.355,62.033,0.356042,0.522083,0.266175,618,5229,5847,1785032
673,2012-11-03,Fall,1,11,0,6,0,2,0.343333,61.0459718,0.323846,0.49125,0.270529,1029,4109,5138,1790170
674,2012-11-04,Fall,1,11,0,0,0,1,0.325833,59.5654718,0.329538,0.532917,0.179108,1201,3906,5107,1795277
675,2012-11-05,Fall,1,11,0,1,1,1,0.319167,59.0015282,0.308075,0.494167,0.236325,378,4881,5259,1800536
676,2012-11-06,Fall,1,11,0,2,1,1,0.280833,55.7584718,0.281567,0.567083,0.173513,466,5220,5686,1806222
677,2012-11-07,Fall,1,11,0,3,1,2,0.295833,57.0274718,0.274621,0.5475,0.304108,326,4709,5035,1811257
678,2012-11-08,Fall,1,11,0,4,1,1,0.352174,61.7939204,0.341891,0.333478,0.347835,340,4975,5315,1816572
679,2012-11-09,Fall,1,11,0,5,1,1,0.361667,62.5970282,0.355413,0.540833,0.214558,709,5283,5992,1822564
680,2012-11-10,Fall,1,11,0,6,0,1,0.389167,64.9235282,0.393937,0.645417,0.0578458,2090,4446,6536,1829100
681,2012-11-11,Fall,1,11,0,0,0,1,0.420833,67.6024718,0.421713,0.659167,0.1275,2290,4562,6852,1835952
682,2012-11-12,Fall,1,11,1,1,0,1,0.485,73.031,0.475383,0.741667,0.173517,1097,5172,6269,1842221
683,2012-11-13,Fall,1,11,0,2,1,2,0.343333,61.0459718,0.323225,0.662917,0.342046,327,3767,4094,1846315
684,2012-11-14,Fall,1,11,0,3,1,1,0.289167,56.4635282,0.281563,0.552083,0.199625,373,5122,5495,1851810
685,2012-11-15,Fall,1,11,0,4,1,2,0.321667,59.2130282,0.324492,0.620417,0.152987,320,5125,5445,1857255
686,2012-11-16,Fall,1,11,0,5,1,1,0.345,61.187,0.347204,0.524583,0.171025,484,5214,5698,1862953
687,2012-11-17,Fall,1,11,0,6,0,1,0.325,59.495,0.326383,0.545417,0.179729,1313,4316,5629,1868582
688,2012-11-18,Fall,1,11,0,0,0,1,0.3425,60.9755,0.337746,0.692917,0.227612,922,3747,4669,1873251
689,2012-11-19,Fall,1,11,0,1,1,2,0.380833,64.2184718,0.375621,0.623333,0.235067,449,5050,5499,1878750
690,2012-11-20,Fall,1,11,0,2,1,2,0.374167,63.6545282,0.380667,0.685,0.082725,534,5100,5634,1884384
691,2012-11-21,Fall,1,11,0,3,1,1,0.353333,61.8919718,0.364892,0.61375,0.103246,615,4531,5146,1889530
692,2012-11-22,Fall,1,11,1,4,0,1,0.34,60.764,0.350371,0.580417,0.0528708,955,1470,2425,1891955
693,2012-11-23,Fall,1,11,0,5,1,1,0.368333,63.1609718,0.378779,0.56875,0.148021,1603,2307,3910,1895865
694,2012-11-24,Fall,1,11,0,6,0,1,0.278333,55.5469718,0.248742,0.404583,0.376871,532,1745,2277,1898142
695,2012-11-25,Fall,1,11,0,0,0,1,0.245833,52.7974718,0.257583,0.468333,0.1505,309,2115,2424,1900566
696,2012-11-26,Fall,1,11,0,1,1,1,0.313333,58.5079718,0.339004,0.535417,0.04665,337,4750,5087,1905653
697,2012-11-27,Fall,1,11,0,2,1,2,0.291667,56.6750282,0.281558,0.786667,0.237562,123,3836,3959,1909612
698,2012-11-28,Fall,1,11,0,3,1,1,0.296667,57.0980282,0.289762,0.50625,0.210821,198,5062,5260,1914872
699,2012-11-29,Fall,1,11,0,4,1,1,0.28087,55.761602,0.298422,0.555652,0.115522,243,5080,5323,1920195
700,2012-11-30,Fall,1,11,0,5,1,1,0.298333,57.2389718,0.323867,0.649583,0.0584708,362,5306,5668,1925863
701,2012-12-01,Fall,1,12,0,6,0,2,0.298333,57.2389718,0.316904,0.806667,0.0597042,951,4240,5191,1931054
702,2012-12-02,Fall,1,12,0,0,0,2,0.3475,61.3985,0.359208,0.823333,0.124379,892,3757,4649,1935703
703,2012-12-03,Fall,1,12,0,1,1,1,0.4525,70.2815,0.455796,0.7675,0.0827208,555,5679,6234,1941937
704,2012-12-04,Fall,1,12,0,2,1,1,0.475833,72.2554718,0.469054,0.73375,0.174129,551,6055,6606,1948543
705,2012-12-05,Fall,1,12,0,3,1,1,0.438333,69.0829718,0.428012,0.485,0.324021,331,5398,5729,1954272
706,2012-12-06,Fall,1,12,0,4,1,1,0.255833,53.6434718,0.258204,0.50875,0.174754,340,5035,5375,1959647
707,2012-12-07,Fall,1,12,0,5,1,2,0.320833,59.1424718,0.321958,0.764167,0.1306,349,4659,5008,1964655
708,2012-12-08,Fall,1,12,0,6,0,2,0.381667,64.2890282,0.389508,0.91125,0.101379,1153,4429,5582,1970237
709,2012-12-09,Fall,1,12,0,0,0,2,0.384167,64.5005282,0.390146,0.905417,0.157975,441,2787,3228,1973465
710,2012-12-10,Fall,1,12,0,1,1,2,0.435833,68.8714718,0.435575,0.925,0.190308,329,4841,5170,1978635
711,2012-12-11,Fall,1,12,0,2,1,2,0.353333,61.8919718,0.338363,0.596667,0.296037,282,5219,5501,1984136
712,2012-12-12,Fall,1,12,0,3,1,2,0.2975,57.1685,0.297338,0.538333,0.162937,310,5009,5319,1989455
713,2012-12-13,Fall,1,12,0,4,1,1,0.295833,57.0274718,0.294188,0.485833,0.174129,425,5107,5532,1994987
714,2012-12-14,Fall,1,12,0,5,1,1,0.281667,55.8290282,0.294192,0.642917,0.131229,429,5182,5611,2000598
715,2012-12-15,Fall,1,12,0,6,0,1,0.324167,59.4245282,0.338383,0.650417,0.10635,767,4280,5047,2005645
716,2012-12-16,Fall,1,12,0,0,0,2,0.3625,62.6675,0.369938,0.83875,0.100742,538,3248,3786,2009431
717,2012-12-17,Fall,1,12,0,1,1,2,0.393333,65.2759718,0.4015,0.907083,0.0982583,212,4373,4585,2014016
718,2012-12-18,Fall,1,12,0,2,1,1,0.410833,66.7564718,0.409708,0.66625,0.221404,433,5124,5557,2019573
719,2012-12-19,Fall,1,12,0,3,1,1,0.3325,60.1295,0.342162,0.625417,0.184092,333,4934,5267,2024840
720,2012-12-20,Fall,1,12,0,4,1,2,0.33,59.918,0.335217,0.667917,0.132463,314,3814,4128,2028968
721,2012-12-21,Winter,1,12,0,5,1,2,0.326667,59.6360282,0.301767,0.556667,0.374383,221,3402,3623,2032591
722,2012-12-22,Winter,1,12,0,6,0,1,0.265833,54.4894718,0.236113,0.44125,0.407346,205,1544,1749,2034340
723,2012-12-23,Winter,1,12,0,0,0,1,0.245833,52.7974718,0.259471,0.515417,0.133083,408,1379,1787,2036127
724,2012-12-24,Winter,1,12,0,1,1,2,0.231304,51.5683184,0.2589,0.791304,0.0772304,174,746,920,2037047
725,2012-12-25,Winter,1,12,1,2,0,2,0.291304,56.6443184,0.294465,0.734783,0.168726,440,573,1013,2038060
726,2012-12-26,Winter,1,12,0,3,1,3,0.243333,52.5859718,0.220333,0.823333,0.316546,9,432,441,2038501
727,2012-12-27,Winter,1,12,0,4,1,2,0.254167,53.5025282,0.226642,0.652917,0.350133,247,1867,2114,2040615
728,2012-12-28,Winter,1,12,0,5,1,2,0.253333,53.4319718,0.255046,0.59,0.155471,644,2451,3095,2043710
729,2012-12-29,Winter,1,12,0,6,0,2,0.253333,53.4319718,0.2424,0.752917,0.124383,159,1182,1341,2045051
730,2012-12-30,Winter,1,12,0,0,0,1,0.255833,53.6434718,0.2317,0.483333,0.350754,364,1432,1796,2046847
731,2012-12-31,Winter,1,12,0,1,1,2,0.215833,50.2594718,0.223487,0.5775,0.154846,439,2290,2729,2049576
